[{"reply": ["已是最大音量"], "pcm": ["101.pcm"], "cmd": "UNI_LOCAL_TONE_MAX_VOLUME", "hash": [2407815], "cmd_word": ["NULL"]}, {"reply": ["已是最小音量"], "pcm": ["102.pcm"], "cmd": "UNI_LOCAL_TONE_MIN_VOLUME", "hash": [2407815], "cmd_word": ["NULL"]}, {"reply": ["你好主人"], "pcm": ["103.pcm"], "cmd": "wakeup_uni", "hash": [2428136115], "cmd_word": ["小美"]}, {"reply": ["有需要再叫我"], "pcm": ["104.pcm"], "cmd": "asr_timeout_uni", "hash": [512164577], "cmd_word": ["asrtimeout"]}, {"reply": ["有需要再叫我"], "pcm": ["104.pcm"], "cmd": "exitUni", "hash": [2497873774], "cmd_word": ["退下"]}, {"reply": [], "pcm": [], "cmd": "bringup_uni", "hash": [145120173], "cmd_word": ["bringup"]}, {"reply": ["空调己打开"], "pcm": ["105.pcm"], "cmd": "TurnOn", "hash": [3484489468], "cmd_word": ["打开空调"]}, {"reply": ["空调己关闭"], "pcm": ["106.pcm"], "cmd": "TurnOff", "hash": [2543416495], "cmd_word": ["关闭空调"]}, {"reply": ["己为你打开模型灯光"], "pcm": ["107.pcm"], "cmd": "BrightnessUp", "hash": [420754400], "cmd_word": ["打开模型灯光"]}, {"reply": ["已为你关闭模型灯光"], "pcm": ["108.pcm"], "cmd": "BrightnessOff", "hash": [4085137235], "cmd_word": ["关闭模型灯光"]}, {"reply": ["风扇己打开"], "pcm": ["109.pcm"], "cmd": "dakaifengshan", "hash": [3534892713], "cmd_word": ["打开风扇"]}, {"reply": ["风扇己关闭"], "pcm": ["110.pcm"], "cmd": "guanbifengshan", "hash": [2593819740], "cmd_word": ["关闭风扇"]}, {"reply": ["音乐己打开"], "pcm": ["111.pcm"], "cmd": "dakaiyinyue", "hash": [3532300471], "cmd_word": ["打开音乐"]}, {"reply": ["音乐已关闭"], "pcm": ["112.pcm"], "cmd": "guanbiyinyue", "hash": [2591227498], "cmd_word": ["关闭音乐"]}, {"reply": ["好的"], "pcm": ["113.pcm"], "cmd": "volumeUpUni", "hash": [548623739], "cmd_word": ["音量增大"]}, {"reply": ["好的"], "pcm": ["113.pcm"], "cmd": "volumeDownUni", "hash": [523242155], "cmd_word": ["音量减小"]}, {"reply": ["开关己打开"], "pcm": ["114.pcm"], "cmd": "dakaikaiguan", "hash": [3443046019], "cmd_word": ["打开开关"]}, {"reply": ["好的"], "pcm": ["113.pcm"], "cmd": "guanbikaiguan", "hash": [2501973046], "cmd_word": ["关闭开关"]}, {"reply": ["好的"], "pcm": ["113.pcm"], "cmd": "tiaoliang", "hash": [1648810031], "cmd_word": ["调亮一点"]}, {"reply": ["好的"], "pcm": ["113.pcm"], "cmd": "tiaoan", "hash": [3455764346], "cmd_word": ["调暗一点"]}]