{"id":48669,"p_name":"SU-03T\u6848\u4f8b\u6f14\u793a(PWM\u8f93\u51fa)","goods_id":7,"scene_id":1,"module_id":6,"p_language":"cn","create_time":1660872084,"updata_time":null,"label":null,"_ver_list":[{"id":130536,"p_id":48669,"version":"20220818002","plan_id":1,"signal":"{\"number\":\"1\",\"field\":\"far\",\"denoise\":\"0\",\"ace\":\"\"}","wakeup":"{\"wakeupSensitive\":\"middle\",\"wakeupWord\":[{\"word\":\"\u4f60\u597d\u5c0f\u7f8e\",\"tips\":\"\",\"piny\":\"ni3 hao3 xiao3 mei3\",\"score\":\"\",\"evaluate\":\"\"},{\"word\":\"\u5c0f\u7f8e\u5c0f\u7f8e\",\"piny\":\"xiao3 mei3 xiao3 mei3\",\"score\":\"\",\"evaluate\":\"\",\"tips\":\"\"}],\"wakeReply\":[\"\u4e3b\u4eba\u6211\u5728\",\"\u60a8\u8bf4\",\"\u6709\u4ec0\u4e48\u53ef\u4ee5\u5e2e\u5230\u60a8\"]}","cmd":"{\"cmdSensitivity\":\"middle\",\"cmdWord\":[{\"num\":\"1\",\"tips\":\"\",\"wordTips\":\"\",\"action\":\"TurnOn\",\"trigger\":[\"cmd\"],\"word\":\"\u5f00\u706f|\u6253\u5f00\u7167\u660e\",\"reply\":\"\",\"isCMD\":true,\"replyTips\":\"\"},{\"num\":\"2\",\"tips\":\"\",\"wordTips\":\"\",\"action\":\"TurnOff\",\"trigger\":[\"cmd\"],\"word\":\"\u5173\u706f|\u5173\u95ed\u7167\u660e\",\"reply\":\"\",\"isCMD\":true,\"replyTips\":\"\"},{\"num\":\"3\",\"tips\":\"\",\"wordTips\":\"\",\"action\":\"BrightnessUp\",\"trigger\":[\"cmd\"],\"word\":\"\u8c03\u4eae\u4e00\u70b9|\u4eae\u4e00\u70b9\",\"reply\":\"\",\"isCMD\":true,\"replyTips\":\"\"},{\"num\":\"4\",\"tips\":\"\",\"wordTips\":\"\",\"action\":\"BrightnessOff\",\"trigger\":[\"cmd\"],\"word\":\"\u8c03\u6697\u4e00\u70b9|\u6697\u4e00\u70b9\",\"reply\":\"\",\"isCMD\":true,\"trigTips\":\"\",\"replyTips\":\"\"}],\"cmdReply\":[],\"cmdWrong\":{\"word\":\"\",\"wordTips\":\"\"}}","acoustic_mode":null,"custom_voice":"{\"voiceType\":\"speaker\",\"speaker\":{\"id\":4,\"name\":\"KiYo\",\"name_pinyin\":\"kiyo\",\"i_img\":\"http:\/\/images.aimachip.com\/admin_images\/informant_img4.png\",\"i_type\":\"\u53ef\u7231\u5973\u751f\"},\"volume\":50,\"speed\":50,\"brightness\":50}","other_config":"{\"welcome\":\"custom\",\"text\":\"\u6b22\u8fce\u6765\u5230\u673a\u82af\u667a\u80fd\",\"exitTime\":10,\"timeExitReply\":[\"\u6709\u9700\u8981\u518d\u53eb\u6211\"],\"exitCmd\":[\"\u9000\u4e0b\"],\"exitReply\":[\"\u6709\u9700\u8981\u518d\u53eb\u6211\"]}","action_config":"[{\"action\":\"wakeup_uni\",\"word\":\"\u4f60\u597d\u5c0f\u7f8e|\u5c0f\u7f8e\u5c0f\u7f8e\",\"trigger_items\":[],\"ctrl_items\":[]},{\"action\":\"TurnOn\",\"word\":\"\u5f00\u706f|\u6253\u5f00\u7167\u660e\",\"trigger_items\":[],\"ctrl_items\":[{\"actionType\":\"pin_out\",\"function\":\"PWM3\",\"command\":\"set\",\"params\":{\"duty\":50,\"data\":\"\",\"voltage\":\"\",\"period\":10,\"times\":1,\"var_name\":\"\",\"var_opr\":\"\",\"var_mode\":\"\",\"var_data\":\"\",\"var_param\":\"\",\"var_var\":\"\",\"sys_type\":\"\",\"sys_opr\":\"\",\"sys_args\":{}},\"is_delayed\":\"0\",\"delayed_time\":0,\"is_flip\":\"0\",\"flip_time\":0,\"voice_content\":[{\"type\":\"text\",\"value\":\"\"}],\"is_condition\":\"0\",\"condition\":[[]],\"cond_value\":{},\"cond_right\":[{}]},{\"actionType\":\"pin_out\",\"function\":\"GPIO_A26\",\"command\":\"set\",\"params\":{\"duty\":50,\"data\":\"\",\"voltage\":\"\",\"period\":10,\"times\":1,\"var_name\":\"\",\"var_opr\":\"\",\"var_mode\":\"\",\"var_data\":\"\",\"var_param\":\"\",\"var_var\":\"\",\"sys_type\":\"\",\"sys_opr\":\"\",\"sys_args\":{}},\"is_delayed\":\"0\",\"delayed_time\":0,\"is_flip\":\"0\",\"flip_time\":0,\"voice_content\":[{\"type\":\"text\",\"value\":\"\"}],\"is_condition\":\"0\",\"condition\":[[]],\"cond_value\":{},\"cond_right\":[{}]}]},{\"action\":\"TurnOff\",\"word\":\"\u5173\u706f|\u5173\u95ed\u7167\u660e\",\"trigger_items\":[],\"ctrl_items\":[{\"actionType\":\"pin_out\",\"function\":\"PWM3\",\"command\":\"set\",\"params\":{\"duty\":0,\"data\":\"\",\"voltage\":\"\",\"period\":10,\"times\":1,\"var_name\":\"\",\"var_opr\":\"\",\"var_mode\":\"\",\"var_data\":\"\",\"var_param\":\"\",\"var_var\":\"\",\"sys_type\":\"\",\"sys_opr\":\"\",\"sys_args\":{}},\"is_delayed\":\"0\",\"delayed_time\":0,\"is_flip\":\"0\",\"flip_time\":0,\"voice_content\":[{\"type\":\"text\",\"value\":\"\"}],\"is_condition\":\"0\",\"condition\":[[]],\"cond_value\":{},\"cond_right\":[{}]},{\"actionType\":\"pin_out\",\"function\":\"GPIO_A26\",\"command\":\"set\",\"params\":{\"duty\":0,\"data\":\"\",\"voltage\":\"\",\"period\":10,\"times\":1,\"var_name\":\"\",\"var_opr\":\"\",\"var_mode\":\"\",\"var_data\":\"\",\"var_param\":\"\",\"var_var\":\"\",\"sys_type\":\"\",\"sys_opr\":\"\",\"sys_args\":{}},\"is_delayed\":\"0\",\"delayed_time\":0,\"is_flip\":\"0\",\"flip_time\":0,\"voice_content\":[{\"type\":\"text\",\"value\":\"\"}],\"is_condition\":\"0\",\"condition\":[[]],\"cond_value\":{},\"cond_right\":[{}]}]},{\"action\":\"BrightnessUp\",\"word\":\"\u8c03\u4eae\u4e00\u70b9|\u4eae\u4e00\u70b9\",\"trigger_items\":[],\"ctrl_items\":[{\"actionType\":\"pin_out\",\"function\":\"PWM3\",\"command\":\"increase\",\"params\":{\"duty\":20,\"data\":\"\",\"voltage\":\"\",\"period\":10,\"times\":1,\"var_name\":\"\",\"var_opr\":\"\",\"var_mode\":\"\",\"var_data\":\"\",\"var_param\":\"\",\"var_var\":\"\",\"sys_type\":\"\",\"sys_opr\":\"\",\"sys_args\":{}},\"is_delayed\":\"0\",\"delayed_time\":0,\"is_flip\":\"0\",\"flip_time\":0,\"voice_content\":[{\"type\":\"text\",\"value\":\"\"}],\"is_condition\":\"0\",\"condition\":[[]],\"cond_value\":{},\"cond_right\":[{}]},{\"actionType\":\"pin_out\",\"function\":\"GPIO_A26\",\"command\":\"increase\",\"params\":{\"duty\":20,\"data\":\"\",\"voltage\":\"\",\"period\":10,\"times\":1,\"var_name\":\"\",\"var_opr\":\"\",\"var_mode\":\"\",\"var_data\":\"\",\"var_param\":\"\",\"var_var\":\"\",\"sys_type\":\"\",\"sys_opr\":\"\",\"sys_args\":{}},\"is_delayed\":\"0\",\"delayed_time\":0,\"is_flip\":\"0\",\"flip_time\":0,\"voice_content\":[{\"type\":\"text\",\"value\":\"\"}],\"is_condition\":\"0\",\"condition\":[[]],\"cond_value\":{},\"cond_right\":[{}]}]},{\"action\":\"BrightnessOff\",\"word\":\"\u8c03\u6697\u4e00\u70b9|\u6697\u4e00\u70b9\",\"trigger_items\":[],\"ctrl_items\":[{\"actionType\":\"pin_out\",\"function\":\"PWM3\",\"command\":\"decrease\",\"params\":{\"duty\":20,\"data\":\"\",\"voltage\":\"\",\"period\":10,\"times\":1,\"var_name\":\"\",\"var_opr\":\"\",\"var_mode\":\"\",\"var_data\":\"\",\"var_param\":\"\",\"var_var\":\"\",\"sys_type\":\"\",\"sys_opr\":\"\",\"sys_args\":{}},\"is_delayed\":\"0\",\"delayed_time\":0,\"is_flip\":\"0\",\"flip_time\":0,\"voice_content\":[{\"type\":\"text\",\"value\":\"\"}],\"is_condition\":\"0\",\"condition\":[[]],\"cond_value\":{},\"cond_right\":[{}]},{\"actionType\":\"pin_out\",\"function\":\"GPIO_A26\",\"command\":\"decrease\",\"params\":{\"duty\":20,\"data\":\"\",\"voltage\":\"\",\"period\":10,\"times\":1,\"var_name\":\"\",\"var_opr\":\"\",\"var_mode\":\"\",\"var_data\":\"\",\"var_param\":\"\",\"var_var\":\"\",\"sys_type\":\"\",\"sys_opr\":\"\",\"sys_args\":{}},\"is_delayed\":\"0\",\"delayed_time\":0,\"is_flip\":\"0\",\"flip_time\":0,\"voice_content\":[{\"type\":\"text\",\"value\":\"\"}],\"is_condition\":\"0\",\"condition\":[[]],\"cond_value\":{},\"cond_right\":[{}]}]}]","pin_config":"[{\"pin\":1,\"function\":\"SW_CLK\",\"params\":{\"def_voltage\":\"low\",\"baud_rate\":9600,\"data_bits\":8,\"stop_bits\":1,\"parity_bits\":\"none\",\"frequency\":2000,\"reverse_voltage\":\"disable\",\"mode\":\"out\",\"adc_range\":100,\"pulse_range\":100,\"frequency_soft\":100,\"reverse_voltage_soft\":\"disable\"},\"memory\":\"0\"},{\"pin\":2,\"function\":\"SW_D\",\"params\":{\"def_voltage\":\"low\",\"frequency\":2000,\"reverse_voltage\":\"disable\",\"mode\":\"out\",\"pulse_range\":100,\"frequency_soft\":100,\"reverse_voltage_soft\":\"disable\",\"rx_mode\":\"0\",\"rx_head\":\"AA 55\",\"rx_foot\":\"55 AA\"},\"memory\":\"0\"},{\"pin\":\"3\",\"function\":\"GPIO_A25\",\"params\":{\"def_voltage\":\"low\",\"mode\":\"out\",\"adc_range\":100,\"pulse_range\":100,\"frequency_soft\":100,\"reverse_voltage_soft\":\"disable\"},\"memory\":\"0\"},{\"pin\":\"4\",\"function\":\"GPIO_A26\",\"params\":{\"def_voltage\":\"low\",\"mode\":\"pwm_out\",\"adc_range\":100,\"pulse_range\":100,\"frequency_soft\":100,\"reverse_voltage_soft\":\"disable\"},\"memory\":\"0\"},{\"pin\":\"5\",\"function\":\"PWM3\",\"params\":{\"def_voltage\":\"low\",\"frequency\":2000,\"reverse_voltage\":\"disable\",\"mode\":\"out\",\"adc_range\":100,\"pulse_range\":100,\"frequency_soft\":100,\"reverse_voltage_soft\":\"disable\"},\"memory\":\"0\"},{\"pin\":\"6\",\"function\":\"GPIO_A28\",\"params\":{\"def_voltage\":\"low\",\"frequency\":2000,\"reverse_voltage\":\"disable\",\"mode\":\"out\",\"pulse_range\":100,\"frequency_soft\":100,\"reverse_voltage_soft\":\"disable\"},\"memory\":\"0\"},{\"pin\":\"7\",\"function\":\"GPIO_B6\",\"params\":{\"def_voltage\":\"low\",\"mode\":\"out\",\"pulse_range\":100,\"frequency_soft\":100,\"reverse_voltage_soft\":\"disable\",\"rx_mode\":\"0\",\"rx_head\":\"AA 55\",\"rx_foot\":\"55 AA\"},\"memory\":\"0\"},{\"pin\":\"8\",\"function\":\"GPIO_B7\",\"params\":{\"def_voltage\":\"low\",\"baud_rate\":9600,\"data_bits\":8,\"stop_bits\":1,\"parity_bits\":\"none\",\"mode\":\"out\",\"pulse_range\":100,\"frequency_soft\":100,\"reverse_voltage_soft\":\"disable\"},\"memory\":\"0\"},{\"pin\":\"21\",\"function\":\"GPIO_B2\",\"params\":{\"def_voltage\":\"low\",\"baud_rate\":9600,\"data_bits\":8,\"stop_bits\":1,\"parity_bits\":\"none\",\"frequency\":2000,\"reverse_voltage\":\"disable\",\"mode\":\"out\",\"pulse_range\":100,\"frequency_soft\":100,\"reverse_voltage_soft\":\"disable\"},\"memory\":\"0\"},{\"pin\":\"22\",\"function\":\"GPIO_B3\",\"params\":{\"def_voltage\":\"low\",\"frequency\":2000,\"reverse_voltage\":\"disable\",\"mode\":\"out\",\"pulse_range\":100,\"frequency_soft\":100,\"reverse_voltage_soft\":\"disable\",\"rx_mode\":\"0\",\"rx_head\":\"AA 55\",\"rx_foot\":\"55 AA\"},\"memory\":\"0\"}]","create_time":1660822650,"status":2,"appkey":"zpogp2mwc2qwnkthiqj5i5jk3fitl3hf7mteumyd","secret":"451854c28005e2a9d807b11b7e3931bd","create_sdk_time":1660822659,"sign":"7F3C774B95C6D442505661CDA8A418933901EF02286707F1216962403B774824","download_url":"https:\/\/unios-sdk.oss-cn-beijing.aliyuncs.com\/sdk\/zpogp2mwc2qwnkthiqj5i5jk3fitl3hf7mteumyd\/rtt_hb_m_online\/uni_hb_m_solution-65064-20220818.tar.gz","down_file":null,"version_describe":"SU-03T\u6848\u4f8b\u6f14\u793a(PWM\u8f93\u51fa:\u8bbe\u7f6e\u5360\u7a7a\u6bd4\uff0c\u589e\u52a0\u5360\u7a7a\u6bd4\uff0c\u51cf\u5c11\u5360\u7a7a\u6bd4GPIO\u6a21\u62df\u5360\u7a7a\u6bd4)","optimize_config":"[]","var_config":"[]","study_config":"{\"open\":\"0\",\"success_count\":\"3\",\"fail_count\":\"5\",\"one_mode\":\"1\",\"actions\":[{\"action\":\"startStudy\",\"word\":\"\u5f00\u59cb\u5b66\u4e60\",\"replys\":[{\"reply\":\"\u5f00\u59cb\u5b66\u4e60\u5524\u9192\u8bcd\uff0c\u8bf7\u5728\u5b89\u9759\u73af\u5883\u4e0b\u8bf4\u8bdd\"},{\"reply\":\"\u5df2\u6709\u5b66\u4e60\u6570\u636e\uff0c\u8bf7\u8bf4\u91cd\u7f6e\u5b66\u4e60\u8fdb\u884c\u91cd\u7f6e\"},{\"reply\":\"\u5b66\u4e60\u6210\u529f\u8bf7\u518d\u8bf4\u4e00\u6b21\"},{\"reply\":\"\u5b66\u4e60\u5931\u8d25\uff0c\u8bf7\u91cd\u8bd5\u4e00\u6b21\"},{\"reply\":\"\u5b66\u4e60\u5b8c\u6210\"},{\"reply\":\"\u5b66\u4e60\u4e2d\u6b62\uff0c\u5df2\u9000\u51fa\"}]},{\"action\":\"clearStudy\",\"word\":\"\u91cd\u7f6e\u5b66\u4e60\",\"replys\":[{\"reply\":\"\u5b66\u4e60\u6570\u636e\u5df2\u91cd\u7f6e\"}]},{\"action\":\"clearStuCmd\",\"word\":\"\u6e05\u9664\u5b66\u4e60\u547d\u4ee4\u8bcd\",\"replys\":[{\"reply\":\"\u547d\u4ee4\u8bcd\u5b66\u4e60\u6570\u636e\u5df2\u6e05\u9664\"}]},{\"action\":\"clearStuWakeup\",\"word\":\"\u6e05\u9664\u5b66\u4e60\u5524\u9192\u8bcd\",\"replys\":[{\"reply\":\"\u5524\u9192\u8bcd\u5b66\u4e60\u6570\u636e\u5df2\u6e05\u9664\"}]},{\"action\":\"startStuWakeup\",\"word\":\"\u5f00\u59cb\u5b66\u4e60\u5524\u9192\u8bcd\",\"replys\":[]},{\"action\":\"startStuCmd\",\"word\":\"\u5f00\u59cb\u5b66\u4e60\u547d\u4ee4\u8bcd\",\"replys\":[]}]}","audio_config":"[]","base_id":130404,"help_config":"\"\"","ext_config":"\"\"","pin_config_ext":null,"mode":1}],"_export_product_":true}