{"id":49440,"p_name":"SU-03T\u6848\u4f8b\u6f14\u793a(\u4e8c\u6b21\u786e\u8ba4\u7684\u5b9e\u73b0)","goods_id":7,"scene_id":1,"module_id":6,"p_language":"cn","create_time":1660894523,"updata_time":null,"label":null,"_ver_list":[{"id":131566,"p_id":49440,"version":"20220819002","plan_id":1,"signal":"{\"number\":\"1\",\"field\":\"far\",\"denoise\":\"0\",\"ace\":\"\"}","wakeup":"{\"wakeupSensitive\":\"middle\",\"wakeupWord\":[{\"word\":\"\u4f60\u597d\u5c0f\u7f8e\",\"tips\":\"\",\"piny\":\"ni3 hao3 xiao3 mei3\",\"score\":\"\",\"evaluate\":\"\"},{\"word\":\"\u5c0f\u7f8e\u5c0f\u7f8e\",\"piny\":\"xiao3 mei3 xiao3 mei3\",\"score\":\"\",\"evaluate\":\"\",\"tips\":\"\"}],\"wakeReply\":[\"\u4e3b\u4eba\u6211\u5728\",\"\u60a8\u8bf4\",\"\u6709\u4ec0\u4e48\u53ef\u4ee5\u5e2e\u5230\u60a8\"]}","cmd":"{\"cmdSensitivity\":\"middle\",\"cmdWord\":[{\"trigger\":[\"cmd\"],\"isCMD\":true,\"action\":\"TurnOff\",\"tips\":\"\",\"word\":\"\u6253\u5f00\u706f\u5149\",\"wordTips\":\"\",\"reply\":\"\u60a8\u662f\u5426\u8981\u6253\u5f00\u706f\u5149\uff1f\",\"replyTips\":\"\"},{\"trigger\":[\"cmd\",\"condition\"],\"isCMD\":true,\"action\":\"AreOk\",\"tips\":\"\",\"word\":\"\u662f\u7684\u6253\u5f00\u706f\u5149\",\"wordTips\":\"\",\"reply\":\"\",\"replyTips\":\"\",\"trigTips\":\"\"},{\"trigger\":[\"cmd\",\"condition\"],\"isCMD\":true,\"word\":\"\u6682\u65f6\u4e0d\u7528\u6253\u5f00\",\"wordTips\":\"\",\"action\":\"AreNo\",\"tips\":\"\",\"trigTips\":\"\"}],\"cmdReply\":[],\"cmdWrong\":{\"word\":\"\",\"wordTips\":\"\"}}","acoustic_mode":null,"custom_voice":"{\"voiceType\":\"speaker\",\"speaker\":{\"id\":4,\"name\":\"KiYo\",\"name_pinyin\":\"kiyo\",\"i_img\":\"http:\/\/images.aimachip.com\/admin_images\/informant_img4.png\",\"i_type\":\"\u53ef\u7231\u5973\u751f\"},\"volume\":50,\"speed\":50,\"brightness\":50}","other_config":"{\"welcome\":\"custom\",\"text\":\"\u6b22\u8fce\u6765\u5230\u673a\u82af\u667a\u80fd\",\"exitTime\":10,\"timeExitReply\":[\"\u6709\u9700\u8981\u518d\u53eb\u6211\"],\"exitCmd\":[\"\u9000\u4e0b\"],\"exitReply\":[\"\u6709\u9700\u8981\u518d\u53eb\u6211\"]}","action_config":"[{\"action\":\"wakeup_uni\",\"word\":\"\u4f60\u597d\u5c0f\u7f8e|\u5c0f\u7f8e\u5c0f\u7f8e\",\"trigger_items\":[],\"ctrl_items\":[]},{\"action\":\"TurnOff\",\"word\":\"\u6253\u5f00\u706f\u5149\",\"trigger_items\":[],\"ctrl_items\":[{\"actionType\":\"var_set\",\"function\":\"\",\"command\":\"\",\"params\":{\"duty\":0,\"data\":\"\",\"voltage\":\"\",\"period\":10,\"times\":1,\"var_name\":\"var_int\",\"var_opr\":\"set\",\"var_mode\":\"data\",\"var_data\":1,\"var_param\":\"\",\"var_var\":\"\",\"sys_type\":\"\",\"sys_opr\":\"\",\"sys_args\":{}},\"is_delayed\":\"0\",\"delayed_time\":0,\"is_flip\":\"1\",\"flip_time\":10000,\"voice_content\":[{\"type\":\"text\",\"value\":\"\"}],\"is_condition\":\"0\",\"condition\":[[]],\"cond_value\":{},\"cond_right\":[{}]}]},{\"action\":\"AreOk\",\"word\":\"\u662f\u7684\u6253\u5f00\u706f\u5149\",\"trigger_items\":[{\"triggerType\":\"condition\",\"params\":{\"cmdWord\":\"\",\"condition\":[[\"var\",\"var_int\",\"==\",\"val\"]],\"cond_value\":{},\"cond_right\":[{\"var_int\":1}],\"gpio_in\":[[]],\"uart_in\":{\"portName\":\"\",\"param\":[]},\"adc_in\":[{}],\"pulse_in\":{},\"event_in\":{\"event_trigger\":[]}}}],\"ctrl_items\":[{\"actionType\":\"play\",\"function\":\"\",\"command\":\"\",\"params\":{\"duty\":0,\"data\":\"\",\"voltage\":\"\",\"period\":10,\"times\":1,\"var_name\":\"var_int\",\"var_opr\":\"set\",\"var_mode\":\"data\",\"var_data\":0,\"var_param\":\"\",\"var_var\":\"\",\"sys_type\":\"\",\"sys_opr\":\"\",\"sys_args\":{}},\"is_delayed\":\"0\",\"delayed_time\":0,\"is_flip\":\"0\",\"flip_time\":0,\"voice_content\":[{\"type\":\"text\",\"value\":\"\u706f\u5149\u5df2\u6253\u5f00\",\"textTips\":\"\"}],\"is_condition\":\"0\",\"condition\":[],\"cond_value\":{},\"cond_right\":[]},{\"actionType\":\"var_set\",\"function\":\"\",\"command\":\"\",\"params\":{\"duty\":0,\"data\":\"\",\"voltage\":\"\",\"period\":10,\"times\":1,\"var_name\":\"var_int\",\"var_opr\":\"set\",\"var_mode\":\"data\",\"var_data\":0,\"var_param\":\"\",\"var_var\":\"\",\"sys_type\":\"\",\"sys_opr\":\"\",\"sys_args\":{}},\"is_delayed\":\"0\",\"delayed_time\":0,\"is_flip\":\"0\",\"flip_time\":0,\"voice_content\":[{\"type\":\"text\",\"value\":\"\"}],\"is_condition\":\"0\",\"condition\":[[]],\"cond_value\":{},\"cond_right\":[{}]}]},{\"action\":\"AreNo\",\"word\":\"\u6682\u65f6\u4e0d\u7528\u6253\u5f00\",\"trigger_items\":[{\"triggerType\":\"condition\",\"params\":{\"cmdWord\":\"\",\"condition\":[[\"var\",\"var_int\",\"==\",\"val\"]],\"cond_value\":{},\"cond_right\":[{\"var_int\":1}],\"gpio_in\":[[]],\"uart_in\":{\"portName\":\"\",\"param\":[]},\"adc_in\":[{}],\"pulse_in\":{},\"event_in\":{\"event_trigger\":[]}}}],\"ctrl_items\":[{\"actionType\":\"play\",\"function\":\"\",\"command\":\"\",\"params\":{\"duty\":0,\"data\":\"\",\"voltage\":\"\",\"period\":10,\"times\":1,\"var_name\":\"var_int\",\"var_opr\":\"set\",\"var_mode\":\"data\",\"var_data\":0,\"var_param\":\"\",\"var_var\":\"\",\"sys_type\":\"\",\"sys_opr\":\"\",\"sys_args\":{}},\"is_delayed\":\"0\",\"delayed_time\":0,\"is_flip\":\"0\",\"flip_time\":0,\"voice_content\":[{\"type\":\"text\",\"value\":\"\u597d\u7684\u4e3b\u4eba\",\"textTips\":\"\"}],\"is_condition\":\"0\",\"condition\":[],\"cond_value\":{},\"cond_right\":[]},{\"actionType\":\"var_set\",\"function\":\"\",\"command\":\"\",\"params\":{\"duty\":0,\"data\":\"\",\"voltage\":\"\",\"period\":10,\"times\":1,\"var_name\":\"var_int\",\"var_opr\":\"set\",\"var_mode\":\"data\",\"var_data\":0,\"var_param\":\"\",\"var_var\":\"\",\"sys_type\":\"\",\"sys_opr\":\"\",\"sys_args\":{}},\"is_delayed\":\"0\",\"delayed_time\":0,\"is_flip\":\"0\",\"flip_time\":0,\"voice_content\":[{\"type\":\"text\",\"value\":\"\"}],\"is_condition\":\"0\",\"condition\":[[]],\"cond_value\":{},\"cond_right\":[{}]}]}]","pin_config":"[{\"pin\":1,\"function\":\"SW_CLK\",\"params\":{\"def_voltage\":\"low\",\"baud_rate\":9600,\"data_bits\":8,\"stop_bits\":1,\"parity_bits\":\"none\",\"frequency\":2000,\"reverse_voltage\":\"disable\",\"mode\":\"out\",\"adc_range\":100,\"pulse_range\":100,\"frequency_soft\":100,\"reverse_voltage_soft\":\"disable\"},\"memory\":\"0\"},{\"pin\":2,\"function\":\"SW_D\",\"params\":{\"def_voltage\":\"low\",\"frequency\":2000,\"reverse_voltage\":\"disable\",\"mode\":\"out\",\"pulse_range\":100,\"frequency_soft\":100,\"reverse_voltage_soft\":\"disable\",\"rx_mode\":\"0\",\"rx_head\":\"AA 55\",\"rx_foot\":\"55 AA\"},\"memory\":\"0\"},{\"pin\":\"3\",\"function\":\"GPIO_A25\",\"params\":{\"def_voltage\":\"low\",\"mode\":\"out\",\"adc_range\":100,\"pulse_range\":100,\"frequency_soft\":100,\"reverse_voltage_soft\":\"disable\"},\"memory\":\"0\"},{\"pin\":\"4\",\"function\":\"GPIO_A26\",\"params\":{\"def_voltage\":\"low\",\"mode\":\"out\",\"adc_range\":100,\"pulse_range\":100,\"frequency_soft\":100,\"reverse_voltage_soft\":\"disable\"},\"memory\":\"0\"},{\"pin\":\"5\",\"function\":\"GPIO_A27\",\"params\":{\"def_voltage\":\"low\",\"frequency\":2000,\"reverse_voltage\":\"disable\",\"mode\":\"out\",\"adc_range\":100,\"pulse_range\":100,\"frequency_soft\":100,\"reverse_voltage_soft\":\"disable\"},\"memory\":\"0\"},{\"pin\":\"6\",\"function\":\"GPIO_A28\",\"params\":{\"def_voltage\":\"low\",\"frequency\":2000,\"reverse_voltage\":\"disable\",\"mode\":\"out\",\"pulse_range\":100,\"frequency_soft\":100,\"reverse_voltage_soft\":\"disable\"},\"memory\":\"0\"},{\"pin\":\"7\",\"function\":\"GPIO_B6\",\"params\":{\"def_voltage\":\"low\",\"mode\":\"out\",\"pulse_range\":100,\"frequency_soft\":100,\"reverse_voltage_soft\":\"disable\",\"rx_mode\":\"0\",\"rx_head\":\"AA 55\",\"rx_foot\":\"55 AA\"},\"memory\":\"0\"},{\"pin\":\"8\",\"function\":\"GPIO_B7\",\"params\":{\"def_voltage\":\"low\",\"baud_rate\":9600,\"data_bits\":8,\"stop_bits\":1,\"parity_bits\":\"none\",\"mode\":\"out\",\"pulse_range\":100,\"frequency_soft\":100,\"reverse_voltage_soft\":\"disable\"},\"memory\":\"0\"},{\"pin\":\"21\",\"function\":\"GPIO_B2\",\"params\":{\"def_voltage\":\"low\",\"baud_rate\":9600,\"data_bits\":8,\"stop_bits\":1,\"parity_bits\":\"none\",\"frequency\":2000,\"reverse_voltage\":\"disable\",\"mode\":\"out\",\"pulse_range\":100,\"frequency_soft\":100,\"reverse_voltage_soft\":\"disable\"},\"memory\":\"0\"},{\"pin\":\"22\",\"function\":\"GPIO_B3\",\"params\":{\"def_voltage\":\"low\",\"frequency\":2000,\"reverse_voltage\":\"disable\",\"mode\":\"out\",\"pulse_range\":100,\"frequency_soft\":100,\"reverse_voltage_soft\":\"disable\",\"rx_mode\":\"0\",\"rx_head\":\"AA 55\",\"rx_foot\":\"55 AA\"},\"memory\":\"0\"}]","create_time":1660894128,"status":2,"appkey":"4soucvhmboev5qg5b5hmx3b5h3iayg64ykegp6ad","secret":"89d3540ac0ed76304ed23fba700f50c3","create_sdk_time":1660894229,"sign":"64A49DA983539773BFB9CE673F1218D05C726A82BFFB5EF675E072F5B7DE0471","download_url":"https:\/\/unios-sdk.oss-cn-beijing.aliyuncs.com\/sdk\/4soucvhmboev5qg5b5hmx3b5h3iayg64ykegp6ad\/rtt_hb_m_online\/uni_hb_m_solution-65197-20220819.tar.gz","down_file":null,"version_describe":"SU-03T\u6848\u4f8b\u6f14\u793a(\u4e8c\u6b21\u786e\u8ba4\u7684\u5b9e\u73b0\uff1a\u7b2c\u4e00\u6761\u547d\u4ee4\u89e6\u53d1\u7cfb\u7edf\u7684\u786e\u8ba4\u56de\u590d\uff0c\u7b2c\u4e8c\u6761\u547d\u4ee4\u786e\u8ba4\u540e\u6267\u884c\uff0c\u7b2c\u4e8c\u6761\u547d\u4ee4\u5426\u8ba4\u540e\u4e0d\u6267\u884c\uff0c\u8d85\u65f6\u4e0d\u786e\u8ba4\u4e0d\u6267\u884c)","optimize_config":"[]","var_config":"[{\"name\":\"var_int\",\"type\":\"int\",\"def_val\":0,\"memory\":\"0\",\"remark\":\"\u53d8\u91cf1\",\"name_tips\":\"\"}]","study_config":"{\"open\":\"0\",\"success_count\":\"3\",\"fail_count\":\"5\",\"one_mode\":\"1\",\"actions\":[{\"action\":\"startStudy\",\"word\":\"\u5f00\u59cb\u5b66\u4e60\",\"replys\":[{\"reply\":\"\u5f00\u59cb\u5b66\u4e60\u5524\u9192\u8bcd\uff0c\u8bf7\u5728\u5b89\u9759\u73af\u5883\u4e0b\u8bf4\u8bdd\"},{\"reply\":\"\u5df2\u6709\u5b66\u4e60\u6570\u636e\uff0c\u8bf7\u8bf4\u91cd\u7f6e\u5b66\u4e60\u8fdb\u884c\u91cd\u7f6e\"},{\"reply\":\"\u5b66\u4e60\u6210\u529f\u8bf7\u518d\u8bf4\u4e00\u6b21\"},{\"reply\":\"\u5b66\u4e60\u5931\u8d25\uff0c\u8bf7\u91cd\u8bd5\u4e00\u6b21\"},{\"reply\":\"\u5b66\u4e60\u5b8c\u6210\"},{\"reply\":\"\u5b66\u4e60\u4e2d\u6b62\uff0c\u5df2\u9000\u51fa\"}]},{\"action\":\"clearStudy\",\"word\":\"\u91cd\u7f6e\u5b66\u4e60\",\"replys\":[{\"reply\":\"\u5b66\u4e60\u6570\u636e\u5df2\u91cd\u7f6e\"}]},{\"action\":\"clearStuCmd\",\"word\":\"\u6e05\u9664\u5b66\u4e60\u547d\u4ee4\u8bcd\",\"replys\":[{\"reply\":\"\u547d\u4ee4\u8bcd\u5b66\u4e60\u6570\u636e\u5df2\u6e05\u9664\"}]},{\"action\":\"clearStuWakeup\",\"word\":\"\u6e05\u9664\u5b66\u4e60\u5524\u9192\u8bcd\",\"replys\":[{\"reply\":\"\u5524\u9192\u8bcd\u5b66\u4e60\u6570\u636e\u5df2\u6e05\u9664\"}]},{\"action\":\"startStuWakeup\",\"word\":\"\u5f00\u59cb\u5b66\u4e60\u5524\u9192\u8bcd\",\"replys\":[]},{\"action\":\"startStuCmd\",\"word\":\"\u5f00\u59cb\u5b66\u4e60\u547d\u4ee4\u8bcd\",\"replys\":[]}]}","audio_config":"[]","base_id":130431,"help_config":"\"\"","ext_config":"{\"timers\":[]}","pin_config_ext":null,"mode":null}],"_export_product_":true}