[{"reply": ["已是最大音量"], "pcm": ["101.pcm"], "cmd": "UNI_LOCAL_TONE_MAX_VOLUME", "hash": [2407815], "cmd_word": ["NULL"]}, {"reply": ["已是最小音量"], "pcm": ["102.pcm"], "cmd": "UNI_LOCAL_TONE_MIN_VOLUME", "hash": [2407815], "cmd_word": ["NULL"]}, {"reply": ["你好，有什么可以帮你", "我在噢，请说", "我在"], "pcm": ["103.pcm", "104.pcm", "105.pcm"], "cmd": "wakeup_uni", "hash": [2835566009], "cmd_word": ["你好小智"]}, {"reply": ["有需要再叫我"], "pcm": ["106.pcm"], "cmd": "asr_timeout_uni", "hash": [512164577], "cmd_word": ["asrtimeout"]}, {"reply": ["有需要再叫我"], "pcm": ["106.pcm"], "cmd": "exitUni", "hash": [2497873774, 2389288886], "cmd_word": ["退下", "再见"]}, {"reply": ["现在是开机播报"], "pcm": ["107.pcm"], "cmd": "bringup_uni", "hash": [145120173], "cmd_word": ["bringup"]}, {"reply": ["已为您打开照明"], "pcm": ["108.pcm"], "cmd": "TurnOn", "hash": [3402919336, 3269676220, 2438769644, 3196940412, 516300443], "cmd_word": ["打开台灯", "请开灯", "开灯", "打开灯", "我回来了"]}, {"reply": ["已为您关闭照明"], "pcm": ["109.pcm"], "cmd": "TurnOff", "hash": [2461846363, 3220401906, 2389495330, 1492864401, 631442226, 3353272135], "cmd_word": ["关闭台灯", "请关灯", "关灯", "睡觉了", "关上灯", "我出去了"]}, {"reply": ["灯光已调亮"], "pcm": ["110.pcm"], "cmd": "BrightnessUp", "hash": [1648810031, 175714954], "cmd_word": ["调亮一点", "亮一点"]}, {"reply": ["灯光已调暗"], "pcm": ["111.pcm"], "cmd": "BrightnessOff", "hash": [3455764346, 1982669269], "cmd_word": ["调暗一点", "暗一点"]}, {"reply": ["定时器已启动"], "pcm": ["112.pcm"], "cmd": "starttimer", "hash": [2397078785], "cmd_word": ["启动定时器"]}, {"reply": ["音量已增大"], "pcm": ["113.pcm"], "cmd": "volup", "hash": [642591547], "cmd_word": ["增大音量"]}, {"reply": ["音量已减小"], "pcm": ["114.pcm"], "cmd": "voldown", "hash": [182008939], "cmd_word": ["减小音量"]}]