{"id":48795,"p_name":"SU-03T\u6848\u4f8b\u6f14\u793a\uff08\u64ad\u62a5\u63a7\u5236\uff09","goods_id":7,"scene_id":1,"module_id":6,"p_language":"cn","create_time":1660908389,"updata_time":null,"label":null,"_ver_list":[{"id":131781,"p_id":48795,"version":"20220819001","plan_id":1,"signal":"{\"number\":\"1\",\"field\":\"far\",\"denoise\":\"0\",\"ace\":\"\"}","wakeup":"{\"wakeupSensitive\":\"middle\",\"wakeupWord\":[{\"word\":\"\u4f60\u597d\u5c0f\u7f8e\",\"tips\":\"\",\"piny\":\"ni3 hao3 xiao3 mei3\",\"score\":\"\",\"evaluate\":\"\"},{\"word\":\"\u5c0f\u7f8e\u5c0f\u7f8e\",\"piny\":\"xiao3 mei3 xiao3 mei3\",\"score\":\"\",\"evaluate\":\"\",\"tips\":\"\"}],\"wakeReply\":[\"\u6211\u5728\",\"\u60a8\u8bf4\",\"\u6709\u4ec0\u4e48\u53ef\u4ee5\u5e2e\u5230\u60a8\"]}","cmd":"{\"cmdSensitivity\":\"middle\",\"cmdWord\":[{\"num\":\"1\",\"tips\":\"\",\"wordTips\":\"\",\"action\":\"TurnOn\",\"trigger\":[\"cmd\"],\"word\":\"\u6253\u5f00\u53f0\u706f|\u8bf7\u5f00\u706f|\u5f00\u706f|\u6253\u5f00\u706f|\u6211\u56de\u6765\u4e86\",\"reply\":\"\u5df2\u4e3a\u60a8\u6253\u5f00\u7167\u660e\",\"isCMD\":true,\"trigTips\":\"\"},{\"num\":\"2\",\"tips\":\"\",\"wordTips\":\"\",\"action\":\"TurnOff\",\"trigger\":[\"cmd\"],\"word\":\"\u5173\u95ed\u53f0\u706f|\u8bf7\u5173\u706f|\u5173\u706f|\u7761\u89c9\u4e86|\u5173\u4e0a\u706f|\u6211\u51fa\u53bb\u4e86\",\"reply\":\"\u5df2\u4e3a\u60a8\u5173\u95ed\u7167\u660e\",\"isCMD\":true},{\"num\":\"4\",\"tips\":\"\",\"wordTips\":\"\",\"action\":\"SetMute\",\"trigger\":[\"cmd\"],\"word\":\"\u8bbe\u4e3a\u9759\u97f3\",\"reply\":\"\",\"isCMD\":true,\"replyTips\":\"\",\"trigTips\":\"\"},{\"trigger\":[\"cmd\"],\"isCMD\":true,\"action\":\"ReadHT\",\"tips\":\"\",\"word\":\"\u6e29\u5ea6|\u73b0\u5728\u6e29\u5ea6\",\"wordTips\":\"\",\"trigTips\":\"\"},{\"trigger\":[\"uart_in\"],\"isCMD\":false,\"action\":\"UpdateHT\",\"tips\":\"\",\"trigTips\":\"\"},{\"trigger\":[\"cmd\"],\"isCMD\":true,\"action\":\"CancelMute\",\"tips\":\"\",\"word\":\"\u53d6\u6d88\u9759\u97f3\",\"wordTips\":\"\"},{\"trigger\":[\"cmd\"],\"isCMD\":true,\"action\":\"Setvoice1\",\"tips\":\"\",\"word\":\"\u6700\u5c0f\u97f3\u91cf\",\"wordTips\":\"\",\"reply\":\"\u5df2\u8c03\u81f3\u6700\u5c0f\u97f3\u91cf\",\"replyTips\":\"\"},{\"trigger\":[\"cmd\"],\"isCMD\":true,\"action\":\"Setvoice2\",\"tips\":\"\",\"word\":\"\u4e2d\u7b49\u97f3\u91cf\",\"wordTips\":\"\",\"reply\":\"\u5df2\u8c03\u81f3\u4e2d\u7b49\u97f3\u91cf\",\"replyTips\":\"\"},{\"trigger\":[\"cmd\"],\"isCMD\":true,\"action\":\"Setvoice3\",\"tips\":\"\",\"word\":\"\u6700\u5927\u97f3\u91cf\",\"wordTips\":\"\",\"reply\":\"\u5df2\u8c03\u81f3\u6700\u5927\u97f3\u91cf\",\"replyTips\":\"\"},{\"trigger\":[\"cmd\"],\"isCMD\":true,\"action\":\"UpVoice\",\"tips\":\"\",\"word\":\"\u8c03\u9ad8\u97f3\u91cf\",\"wordTips\":\"\",\"reply\":\"\u97f3\u91cf\u5df2\u8c03\u9ad8\",\"replyTips\":\"\"},{\"trigger\":[\"cmd\"],\"isCMD\":true,\"action\":\"DownVoice\",\"tips\":\"\",\"word\":\"\u8c03\u4f4e\u97f3\u91cf\",\"wordTips\":\"\",\"reply\":\"\u97f3\u91cf\u5df2\u8c03\u4f4e\",\"replyTips\":\"\"}],\"cmdReply\":[],\"cmdWrong\":{\"word\":\"\",\"wordTips\":\"\"}}","acoustic_mode":null,"custom_voice":"{\"voiceType\":\"speaker\",\"speaker\":{\"id\":4,\"name\":\"KiYo\",\"name_pinyin\":\"kiyo\",\"i_img\":\"http:\/\/images.aimachip.com\/admin_images\/informant_img4.png\",\"i_type\":\"\u53ef\u7231\u5973\u751f\"},\"volume\":50,\"speed\":50,\"brightness\":50}","other_config":"{\"welcome\":\"custom\",\"text\":\"\u6b22\u8fce\u6765\u5230\u673a\u82af\u667a\u80fd\",\"exitTime\":10,\"timeExitReply\":[\"\u6709\u9700\u8981\u518d\u53eb\u6211\"],\"exitCmd\":[\"\u9000\u4e0b\"],\"exitReply\":[\"\u6709\u9700\u8981\u518d\u53eb\u6211\"]}","action_config":"[{\"action\":\"wakeup_uni\",\"word\":\"\u4f60\u597d\u5c0f\u7f8e|\u5c0f\u7f8e\u5c0f\u7f8e\",\"trigger_items\":[],\"ctrl_items\":[]},{\"action\":\"TurnOn\",\"word\":\"\u6253\u5f00\u53f0\u706f|\u8bf7\u5f00\u706f|\u5f00\u706f|\u6253\u5f00\u706f|\u6211\u56de\u6765\u4e86\",\"trigger_items\":[],\"ctrl_items\":[]},{\"action\":\"TurnOff\",\"word\":\"\u5173\u95ed\u53f0\u706f|\u8bf7\u5173\u706f|\u5173\u706f|\u7761\u89c9\u4e86|\u5173\u4e0a\u706f|\u6211\u51fa\u53bb\u4e86\",\"trigger_items\":[],\"ctrl_items\":[]},{\"action\":\"SetMute\",\"word\":\"\u8bbe\u4e3a\u9759\u97f3\",\"trigger_items\":[],\"ctrl_items\":[{\"actionType\":\"sys_set\",\"function\":\"\",\"command\":\"\",\"params\":{\"duty\":0,\"data\":\"\",\"voltage\":\"\",\"period\":10,\"times\":1,\"var_name\":\"\",\"var_opr\":\"\",\"var_mode\":\"\",\"var_data\":\"\",\"var_param\":\"\",\"var_var\":\"\",\"sys_type\":\"play\",\"sys_opr\":\"user_player_speaker_mute\",\"sys_args\":{}},\"is_delayed\":\"0\",\"delayed_time\":0,\"is_flip\":\"0\",\"flip_time\":0,\"voice_content\":[{\"type\":\"text\",\"value\":\"\"}],\"is_condition\":\"0\",\"condition\":[[]],\"cond_value\":{},\"cond_right\":[{}]}]},{\"action\":\"ReadHT\",\"word\":\"\u6e29\u5ea6|\u73b0\u5728\u6e29\u5ea6\",\"trigger_items\":[],\"ctrl_items\":[{\"actionType\":\"play\",\"function\":\"\",\"command\":\"\",\"params\":{\"duty\":0,\"data\":\"\",\"voltage\":\"\",\"period\":10,\"times\":1,\"var_name\":\"TEMP\",\"var_opr\":\"set\",\"var_mode\":\"param\",\"var_data\":\"\",\"var_param\":\"SerialT\",\"var_var\":\"\",\"sys_type\":\"\",\"sys_opr\":\"\",\"sys_args\":{}},\"is_delayed\":\"0\",\"delayed_time\":0,\"is_flip\":\"0\",\"flip_time\":0,\"voice_content\":[{\"type\":\"text\",\"value\":\"\u73b0\u5728\u6e29\u5ea6\u4e3a\",\"textTips\":\"\"},{\"type\":\"var\",\"value\":\"TEMP\"},{\"type\":\"text\",\"value\":\"\u73b0\u5728\u6e7f\u5ea6\u4e3a\u767e\u5206\u4e4b\",\"textTips\":\"\"},{\"type\":\"var\",\"value\":\"HUMI\"}],\"is_condition\":\"0\",\"condition\":[[]],\"cond_value\":{},\"cond_right\":[{}]}]},{\"action\":\"UpdateHT\",\"word\":\"\",\"trigger_items\":[{\"triggerType\":\"uart_in\",\"params\":{\"cmdWord\":\"\",\"condition\":[[]],\"cond_value\":{},\"cond_right\":[{}],\"gpio_in\":[[]],\"uart_in\":{\"portName\":\"UART1_RX\",\"param\":[{\"name\":\"SerialT\",\"paramTips\":\"\",\"type\":\"double\",\"test_value\":\"28.2\"},{\"name\":\"SerialH\",\"paramTips\":\"\",\"type\":\"double\",\"test_value\":\"60.5\"}],\"msgno\":1,\"msgnoTips\":\"\"},\"adc_in\":[{}],\"pulse_in\":{},\"event_in\":{\"event_trigger\":[]}}}],\"ctrl_items\":[{\"actionType\":\"var_set\",\"function\":\"\",\"command\":\"\",\"params\":{\"duty\":0,\"data\":\"\",\"voltage\":\"\",\"period\":10,\"times\":1,\"var_name\":\"TEMP\",\"var_opr\":\"set\",\"var_mode\":\"param\",\"var_data\":0,\"var_param\":\"SerialT\",\"var_var\":\"\",\"sys_type\":\"\",\"sys_opr\":\"\",\"sys_args\":{}},\"is_delayed\":\"0\",\"delayed_time\":0,\"is_flip\":\"0\",\"flip_time\":0,\"voice_content\":[{\"type\":\"text\",\"value\":\"\"}],\"is_condition\":\"0\",\"condition\":[[]],\"cond_value\":{},\"cond_right\":[{}]},{\"actionType\":\"var_set\",\"function\":\"\",\"command\":\"\",\"params\":{\"duty\":0,\"data\":\"\",\"voltage\":\"\",\"period\":10,\"times\":1,\"var_name\":\"HUMI\",\"var_opr\":\"set\",\"var_mode\":\"param\",\"var_data\":\"\",\"var_param\":\"SerialH\",\"var_var\":\"\",\"sys_type\":\"\",\"sys_opr\":\"\",\"sys_args\":{}},\"is_delayed\":\"0\",\"delayed_time\":0,\"is_flip\":\"0\",\"flip_time\":0,\"voice_content\":[{\"type\":\"text\",\"value\":\"\"}],\"is_condition\":\"0\",\"condition\":[[]],\"cond_value\":{},\"cond_right\":[{}]}]},{\"action\":\"CancelMute\",\"word\":\"\u53d6\u6d88\u9759\u97f3\",\"trigger_items\":[],\"ctrl_items\":[{\"actionType\":\"sys_set\",\"function\":\"\",\"command\":\"\",\"params\":{\"duty\":0,\"data\":\"\",\"voltage\":\"\",\"period\":10,\"times\":1,\"var_name\":\"\",\"var_opr\":\"\",\"var_mode\":\"\",\"var_data\":\"\",\"var_param\":\"\",\"var_var\":\"\",\"sys_type\":\"play\",\"sys_opr\":\"user_player_speaker_unmute\",\"sys_args\":{}},\"is_delayed\":\"0\",\"delayed_time\":0,\"is_flip\":\"0\",\"flip_time\":0,\"voice_content\":[{\"type\":\"text\",\"value\":\"\"}],\"is_condition\":\"0\",\"condition\":[[]],\"cond_value\":{},\"cond_right\":[{}]}]},{\"action\":\"Setvoice1\",\"word\":\"\u6700\u5c0f\u97f3\u91cf\",\"trigger_items\":[],\"ctrl_items\":[{\"actionType\":\"sys_set\",\"function\":\"\",\"command\":\"\",\"params\":{\"duty\":0,\"data\":\"\",\"voltage\":\"\",\"period\":10,\"times\":1,\"var_name\":\"\",\"var_opr\":\"\",\"var_mode\":\"\",\"var_data\":\"\",\"var_param\":\"\",\"var_var\":\"\",\"sys_type\":\"play\",\"sys_opr\":\"user_player_set_volume_min\",\"sys_args\":{}},\"is_delayed\":\"0\",\"delayed_time\":0,\"is_flip\":\"0\",\"flip_time\":0,\"voice_content\":[{\"type\":\"text\",\"value\":\"\"}],\"is_condition\":\"0\",\"condition\":[[]],\"cond_value\":{},\"cond_right\":[{}]}]},{\"action\":\"Setvoice2\",\"word\":\"\u4e2d\u7b49\u97f3\u91cf\",\"trigger_items\":[],\"ctrl_items\":[{\"actionType\":\"sys_set\",\"function\":\"\",\"command\":\"\",\"params\":{\"duty\":0,\"data\":\"\",\"voltage\":\"\",\"period\":10,\"times\":1,\"var_name\":\"\",\"var_opr\":\"\",\"var_mode\":\"\",\"var_data\":\"\",\"var_param\":\"\",\"var_var\":\"\",\"sys_type\":\"play\",\"sys_opr\":\"user_player_set_volume_mid\",\"sys_args\":{}},\"is_delayed\":\"0\",\"delayed_time\":0,\"is_flip\":\"0\",\"flip_time\":0,\"voice_content\":[{\"type\":\"text\",\"value\":\"\"}],\"is_condition\":\"0\",\"condition\":[[]],\"cond_value\":{},\"cond_right\":[{}]}]},{\"action\":\"Setvoice3\",\"word\":\"\u6700\u5927\u97f3\u91cf\",\"trigger_items\":[],\"ctrl_items\":[{\"actionType\":\"sys_set\",\"function\":\"\",\"command\":\"\",\"params\":{\"duty\":0,\"data\":\"\",\"voltage\":\"\",\"period\":10,\"times\":1,\"var_name\":\"\",\"var_opr\":\"\",\"var_mode\":\"\",\"var_data\":\"\",\"var_param\":\"\",\"var_var\":\"\",\"sys_type\":\"play\",\"sys_opr\":\"user_player_set_volume_max\",\"sys_args\":{}},\"is_delayed\":\"0\",\"delayed_time\":0,\"is_flip\":\"0\",\"flip_time\":0,\"voice_content\":[{\"type\":\"text\",\"value\":\"\"}],\"is_condition\":\"0\",\"condition\":[[]],\"cond_value\":{},\"cond_right\":[{}]}]},{\"action\":\"UpVoice\",\"word\":\"\u8c03\u9ad8\u97f3\u91cf\",\"trigger_items\":[],\"ctrl_items\":[{\"actionType\":\"sys_set\",\"function\":\"\",\"command\":\"\",\"params\":{\"duty\":0,\"data\":\"\",\"voltage\":\"\",\"period\":10,\"times\":1,\"var_name\":\"\",\"var_opr\":\"\",\"var_mode\":\"\",\"var_data\":\"\",\"var_param\":\"\",\"var_var\":\"\",\"sys_type\":\"play\",\"sys_opr\":\"user_player_set_volume_up\",\"sys_args\":{}},\"is_delayed\":\"0\",\"delayed_time\":0,\"is_flip\":\"0\",\"flip_time\":0,\"voice_content\":[{\"type\":\"text\",\"value\":\"\"}],\"is_condition\":\"0\",\"condition\":[[]],\"cond_value\":{},\"cond_right\":[{}]}]},{\"action\":\"DownVoice\",\"word\":\"\u8c03\u4f4e\u97f3\u91cf\",\"trigger_items\":[],\"ctrl_items\":[{\"actionType\":\"sys_set\",\"function\":\"\",\"command\":\"\",\"params\":{\"duty\":0,\"data\":\"\",\"voltage\":\"\",\"period\":10,\"times\":1,\"var_name\":\"\",\"var_opr\":\"\",\"var_mode\":\"\",\"var_data\":\"\",\"var_param\":\"\",\"var_var\":\"\",\"sys_type\":\"play\",\"sys_opr\":\"user_player_set_volume_down\",\"sys_args\":{}},\"is_delayed\":\"0\",\"delayed_time\":0,\"is_flip\":\"0\",\"flip_time\":0,\"voice_content\":[{\"type\":\"text\",\"value\":\"\"}],\"is_condition\":\"0\",\"condition\":[[]],\"cond_value\":{},\"cond_right\":[{}]}]}]","pin_config":"[{\"pin\":1,\"function\":\"SW_CLK\",\"params\":{\"def_voltage\":\"low\",\"baud_rate\":9600,\"data_bits\":8,\"stop_bits\":1,\"parity_bits\":\"none\",\"frequency\":2000,\"reverse_voltage\":\"disable\",\"mode\":\"out\",\"adc_range\":100,\"pulse_range\":100,\"frequency_soft\":100,\"reverse_voltage_soft\":\"disable\"},\"memory\":\"0\"},{\"pin\":2,\"function\":\"SW_D\",\"params\":{\"def_voltage\":\"low\",\"frequency\":2000,\"reverse_voltage\":\"disable\",\"mode\":\"out\",\"pulse_range\":100,\"frequency_soft\":100,\"reverse_voltage_soft\":\"disable\",\"rx_mode\":\"0\",\"rx_head\":\"AA 55\",\"rx_foot\":\"55 AA\"},\"memory\":\"0\"},{\"pin\":\"3\",\"function\":\"GPIO_A25\",\"params\":{\"def_voltage\":\"low\",\"mode\":\"out\",\"adc_range\":100,\"pulse_range\":100,\"frequency_soft\":100,\"reverse_voltage_soft\":\"disable\"},\"memory\":\"0\"},{\"pin\":\"4\",\"function\":\"GPIO_A26\",\"params\":{\"def_voltage\":\"low\",\"mode\":\"out\",\"adc_range\":100,\"pulse_range\":100,\"frequency_soft\":100,\"reverse_voltage_soft\":\"disable\"},\"memory\":\"0\"},{\"pin\":\"5\",\"function\":\"GPIO_A27\",\"params\":{\"def_voltage\":\"low\",\"frequency\":2000,\"reverse_voltage\":\"disable\",\"mode\":\"out\",\"adc_range\":100,\"pulse_range\":100,\"frequency_soft\":100,\"reverse_voltage_soft\":\"disable\"},\"memory\":\"0\"},{\"pin\":\"6\",\"function\":\"GPIO_A28\",\"params\":{\"def_voltage\":\"low\",\"frequency\":2000,\"reverse_voltage\":\"disable\",\"mode\":\"out\",\"pulse_range\":100,\"frequency_soft\":100,\"reverse_voltage_soft\":\"disable\"},\"memory\":\"0\"},{\"pin\":\"7\",\"function\":\"UART1_RX\",\"params\":{\"def_voltage\":\"low\",\"mode\":\"out\",\"pulse_range\":100,\"frequency_soft\":100,\"reverse_voltage_soft\":\"disable\",\"rx_mode\":\"0\",\"rx_head\":\"AA 55\",\"rx_foot\":\"55 AA\"},\"memory\":\"0\"},{\"pin\":\"8\",\"function\":\"UART1_TX\",\"params\":{\"def_voltage\":\"low\",\"baud_rate\":9600,\"data_bits\":8,\"stop_bits\":1,\"parity_bits\":\"none\",\"mode\":\"out\",\"pulse_range\":100,\"frequency_soft\":100,\"reverse_voltage_soft\":\"disable\"},\"memory\":\"0\"},{\"pin\":\"21\",\"function\":\"GPIO_B2\",\"params\":{\"def_voltage\":\"low\",\"baud_rate\":9600,\"data_bits\":8,\"stop_bits\":1,\"parity_bits\":\"none\",\"frequency\":2000,\"reverse_voltage\":\"disable\",\"mode\":\"out\",\"pulse_range\":100,\"frequency_soft\":100,\"reverse_voltage_soft\":\"disable\"},\"memory\":\"0\"},{\"pin\":\"22\",\"function\":\"GPIO_B3\",\"params\":{\"def_voltage\":\"low\",\"frequency\":2000,\"reverse_voltage\":\"disable\",\"mode\":\"out\",\"pulse_range\":100,\"frequency_soft\":100,\"reverse_voltage_soft\":\"disable\",\"rx_mode\":\"0\",\"rx_head\":\"AA 55\",\"rx_foot\":\"55 AA\"},\"memory\":\"0\"}]","create_time":1660910322,"status":2,"appkey":"swfk53dnjjxppivhfxrgs6kyozip7sggk42ba4qf","secret":"0b09586cf54290e6f1f355547acd01ea","create_sdk_time":1660910358,"sign":"71E9F16C963B881D6E8D3A2B71E28707F65D1D7AC144DE444080E4E6D750752B","download_url":"https:\/\/unios-sdk.oss-cn-beijing.aliyuncs.com\/sdk\/swfk53dnjjxppivhfxrgs6kyozip7sggk42ba4qf\/rtt_hb_m_online\/uni_hb_m_solution-65247-20220819.tar.gz","down_file":null,"version_describe":"SU-03T\u6848\u4f8b\u6f14\u793a\uff08\u64ad\u62a5\u63a7\u5236\uff1a\u4f7f\u7528\u201c\u64ad\u62a5\u8bed\u97f3\u201d\u64ad\u62a5\u56fa\u5b9a\u97f3\u3001\u53ef\u53d8\u97f3(\u53d8\u91cf)\uff0c\u97f3\u91cf\u63a7\u5236\uff0c\u9759\u97f3\uff0c\u53d6\u6d88\u9759\u97f3\uff09","optimize_config":"[]","var_config":"[{\"name\":\"TEMP\",\"type\":\"double\",\"def_val\":28.2,\"memory\":\"0\",\"remark\":\"\u6e29\u5ea6\u503c\",\"name_tips\":\"\"},{\"name\":\"HUMI\",\"type\":\"double\",\"def_val\":60.5,\"memory\":\"0\",\"remark\":\"\u6e7f\u5ea6\u503c\",\"name_tips\":\"\"}]","study_config":"{\"open\":\"0\",\"success_count\":\"3\",\"fail_count\":\"5\",\"one_mode\":\"1\",\"actions\":[{\"action\":\"startStudy\",\"word\":\"\u5f00\u59cb\u5b66\u4e60\",\"replys\":[{\"reply\":\"\u5f00\u59cb\u5b66\u4e60\u5524\u9192\u8bcd\uff0c\u8bf7\u5728\u5b89\u9759\u73af\u5883\u4e0b\u8bf4\u8bdd\"},{\"reply\":\"\u5df2\u6709\u5b66\u4e60\u6570\u636e\uff0c\u8bf7\u8bf4\u91cd\u7f6e\u5b66\u4e60\u8fdb\u884c\u91cd\u7f6e\"},{\"reply\":\"\u5b66\u4e60\u6210\u529f\u8bf7\u518d\u8bf4\u4e00\u6b21\"},{\"reply\":\"\u5b66\u4e60\u5931\u8d25\uff0c\u8bf7\u91cd\u8bd5\u4e00\u6b21\"},{\"reply\":\"\u5b66\u4e60\u5b8c\u6210\"},{\"reply\":\"\u5b66\u4e60\u4e2d\u6b62\uff0c\u5df2\u9000\u51fa\"}]},{\"action\":\"clearStudy\",\"word\":\"\u91cd\u7f6e\u5b66\u4e60\",\"replys\":[{\"reply\":\"\u5b66\u4e60\u6570\u636e\u5df2\u91cd\u7f6e\"}]},{\"action\":\"clearStuCmd\",\"word\":\"\u6e05\u9664\u5b66\u4e60\u547d\u4ee4\u8bcd\",\"replys\":[{\"reply\":\"\u547d\u4ee4\u8bcd\u5b66\u4e60\u6570\u636e\u5df2\u6e05\u9664\"}]},{\"action\":\"clearStuWakeup\",\"word\":\"\u6e05\u9664\u5b66\u4e60\u5524\u9192\u8bcd\",\"replys\":[{\"reply\":\"\u5524\u9192\u8bcd\u5b66\u4e60\u6570\u636e\u5df2\u6e05\u9664\"}]},{\"action\":\"startStuWakeup\",\"word\":\"\u5f00\u59cb\u5b66\u4e60\u5524\u9192\u8bcd\",\"replys\":[]},{\"action\":\"startStuCmd\",\"word\":\"\u5f00\u59cb\u5b66\u4e60\u547d\u4ee4\u8bcd\",\"replys\":[]}]}","audio_config":"[]","base_id":130533,"help_config":"\"\"","ext_config":"\"\"","pin_config_ext":null,"mode":1}],"_export_product_":true}