{
  "log": 6,
  "audio_stream": {
    "time_out": 16,
    "channels": 2,
    "stack_size": 4,
    "rate": 16000,
    "bits": 16,
    "frame": 16,
    "out_frame": 16,
    "save_enable": 0,
    "save_path": "."
  },
  "audio_adapter": {
    "samples": 256,
    "in_channels": 2,
    "out_channels": 1,
    "out_rules": "1"
  },
  "uploader": {
    "enable": 0
  },
  "kws_lp": {
    "log": 1,
    "engine_buffer_size": 48,
    "model_id": 0,
    "default_mode": 0,
    "stack_size": 3,
    "ring_buffer_size": 4,
    "timeout": 10,
    "start_end_time_enable": 1,
    "bunch_frame_num": 12,
    "save_enable": 0,
    "save_path": ".",
    "wakeup": {
      "fa": "0.2",
      "fa_second": "0.4",
      "fa_sleep": "0.04",
      "time_to_sleep": 300,
      "time_second_wakeup": 5,
      "wuws": [
        {
          "wuw": "你好魔方",
          "fa_table": [
            10.82,
            10.19,
            9.39,
            9.04,
            8.27,
            7.4,
            6.77,
            6.36,
            5.92,
            5.07
          ]
        }
      ]
    },
    "command": {
      "command_tag": "ivm",
      "fa": "0.4",
      "fa_table": [
        6.18,
        5.13,
        3.75,
        3.35,
        2.16,
        0.9,
        0.12,
        -0.41,
        -0.85,
        -1.82
      ]
    }
  }
}