{"id":48668,"p_name":"SU-03T\u6848\u4f8b\u6f14\u793a(GPIO\u8f93\u51fa\u63a7\u5236)","goods_id":7,"scene_id":1,"module_id":6,"p_language":"cn","create_time":1660904458,"updata_time":null,"label":null,"_ver_list":[{"id":131249,"p_id":48668,"version":"20220819001","plan_id":1,"signal":"{\"number\":\"1\",\"field\":\"far\",\"denoise\":\"0\",\"ace\":\"\"}","wakeup":"{\"wakeupSensitive\":\"middle\",\"wakeupWord\":[{\"word\":\"\u4f60\u597d\u5c0f\u7f8e\",\"tips\":\"\",\"piny\":\"ni3 hao3 xiao3 mei3\",\"score\":\"\",\"evaluate\":\"\"},{\"word\":\"\u5c0f\u7f8e\u5c0f\u7f8e\",\"piny\":\"xiao3 mei3 xiao3 mei3\",\"score\":\"\",\"evaluate\":\"\",\"tips\":\"\"}],\"wakeReply\":[\"\u6211\u5728\",\"\u60a8\u8bf4\",\"\u6709\u4ec0\u4e48\u53ef\u4ee5\u5e2e\u5230\u60a8\"]}","cmd":"{\"cmdSensitivity\":\"middle\",\"cmdWord\":[{\"num\":\"1\",\"tips\":\"\",\"wordTips\":\"\",\"action\":\"HeightLevel\",\"trigger\":[\"cmd\"],\"word\":\"\u8f93\u51fa\u9ad8\u7535\u5e73\",\"reply\":\"\u597d\u7684\",\"isCMD\":true,\"trigTips\":\"\",\"replyTips\":\"\"},{\"num\":\"2\",\"tips\":\"\",\"wordTips\":\"\",\"action\":\"LowLevel\",\"trigger\":[\"cmd\"],\"word\":\"\u8f93\u51fa\u4f4e\u7535\u5e73\",\"reply\":\"\u597d\u7684\",\"isCMD\":true,\"trigTips\":\"\",\"replyTips\":\"\"},{\"trigger\":[\"cmd\"],\"isCMD\":true,\"action\":\"PuLevel\",\"tips\":\"\",\"word\":\"\u8f93\u51fa\u53cd\u7535\u5e73\",\"wordTips\":\"\",\"reply\":\"\u597d\u7684\",\"replyTips\":\"\"},{\"trigger\":[\"cmd\"],\"isCMD\":true,\"action\":\"Pulse\",\"tips\":\"\",\"word\":\"\u8f93\u51fa\u8109\u51b2\",\"wordTips\":\"\",\"reply\":\"\u597d\u7684\",\"replyTips\":\"\"},{\"trigger\":[\"cmd\"],\"isCMD\":true,\"action\":\"DianDong1\",\"tips\":\"\",\"word\":\"\u8f93\u51fa\u70b9\u52a8\",\"wordTips\":\"\",\"reply\":\"\u597d\u7684\",\"replyTips\":\"\"},{\"trigger\":[\"cmd\"],\"isCMD\":true,\"action\":\"DianDong2\",\"tips\":\"\",\"word\":\"\u53e6\u4e00\u79cd\u70b9\u52a8\",\"wordTips\":\"\",\"reply\":\"\u597d\u7684\",\"replyTips\":\"\"}],\"cmdReply\":[],\"cmdWrong\":{\"word\":\"\",\"wordTips\":\"\"}}","acoustic_mode":null,"custom_voice":"{\"voiceType\":\"speaker\",\"speaker\":{\"id\":3,\"name\":\"\u7cd6\u7cd6\",\"name_pinyin\":\"tangtang\",\"i_img\":\"http:\/\/images.aimachip.com\/admin_images\/informant_img3.png\",\"i_type\":\"\u6d3b\u6cfc\u5973\u751f\"},\"volume\":50,\"speed\":50,\"brightness\":50}","other_config":"{\"welcome\":\"custom\",\"text\":\"\u6b22\u8fce\u6765\u5230\u673a\u82af\u667a\u80fd\",\"exitTime\":10,\"timeExitReply\":[\"\u6709\u9700\u8981\u518d\u53eb\u6211\"],\"exitCmd\":[\"\u9000\u4e0b\"],\"exitReply\":[\"\u6709\u9700\u8981\u518d\u53eb\u6211\"]}","action_config":"[{\"action\":\"wakeup_uni\",\"word\":\"\u4f60\u597d\u5c0f\u7f8e|\u5c0f\u7f8e\u5c0f\u7f8e\",\"trigger_items\":[],\"ctrl_items\":[]},{\"action\":\"HeightLevel\",\"word\":\"\u8f93\u51fa\u9ad8\u7535\u5e73\",\"trigger_items\":[],\"ctrl_items\":[{\"actionType\":\"pin_out\",\"function\":\"GPIO_A25\",\"command\":\"set\",\"params\":{\"duty\":0,\"data\":\"\",\"voltage\":\"high\",\"period\":10,\"times\":1,\"var_name\":\"\",\"var_opr\":\"\",\"var_mode\":\"\",\"var_data\":\"\",\"var_param\":\"\",\"var_var\":\"\",\"sys_type\":\"\",\"sys_opr\":\"\",\"sys_args\":{}},\"is_delayed\":\"0\",\"delayed_time\":0,\"is_flip\":\"0\",\"flip_time\":0,\"voice_content\":[{\"type\":\"text\",\"value\":\"\"}],\"is_condition\":\"0\",\"condition\":[[]],\"cond_value\":{},\"cond_right\":[{}]}]},{\"action\":\"LowLevel\",\"word\":\"\u8f93\u51fa\u4f4e\u7535\u5e73\",\"trigger_items\":[],\"ctrl_items\":[{\"actionType\":\"pin_out\",\"function\":\"GPIO_A25\",\"command\":\"set\",\"params\":{\"duty\":0,\"data\":\"\",\"voltage\":\"low\",\"period\":10,\"times\":1,\"var_name\":\"\",\"var_opr\":\"\",\"var_mode\":\"\",\"var_data\":\"\",\"var_param\":\"\",\"var_var\":\"\",\"sys_type\":\"\",\"sys_opr\":\"\",\"sys_args\":{}},\"is_delayed\":\"0\",\"delayed_time\":0,\"is_flip\":\"0\",\"flip_time\":0,\"voice_content\":[{\"type\":\"text\",\"value\":\"\"}],\"is_condition\":\"0\",\"condition\":[[]],\"cond_value\":{},\"cond_right\":[{}]}]},{\"action\":\"PuLevel\",\"word\":\"\u8f93\u51fa\u53cd\u7535\u5e73\",\"trigger_items\":[],\"ctrl_items\":[{\"actionType\":\"pin_out\",\"function\":\"GPIO_A27\",\"command\":\"set\",\"params\":{\"duty\":0,\"data\":\"\",\"voltage\":\"negate\",\"period\":10,\"times\":1,\"var_name\":\"\",\"var_opr\":\"\",\"var_mode\":\"\",\"var_data\":\"\",\"var_param\":\"\",\"var_var\":\"\",\"sys_type\":\"\",\"sys_opr\":\"\",\"sys_args\":{}},\"is_delayed\":\"0\",\"delayed_time\":0,\"is_flip\":\"0\",\"flip_time\":0,\"voice_content\":[{\"type\":\"text\",\"value\":\"\"}],\"is_condition\":\"0\",\"condition\":[[]],\"cond_value\":{},\"cond_right\":[{}]}]},{\"action\":\"Pulse\",\"word\":\"\u8f93\u51fa\u8109\u51b2\",\"trigger_items\":[],\"ctrl_items\":[{\"actionType\":\"pin_out\",\"function\":\"GPIO_A26\",\"command\":\"pulse\",\"params\":{\"duty\":0,\"data\":\"\",\"voltage\":\"negate\",\"period\":500,\"times\":5,\"var_name\":\"\",\"var_opr\":\"\",\"var_mode\":\"\",\"var_data\":\"\",\"var_param\":\"\",\"var_var\":\"\",\"sys_type\":\"\",\"sys_opr\":\"\",\"sys_args\":{}},\"is_delayed\":\"0\",\"delayed_time\":0,\"is_flip\":\"1\",\"flip_time\":10000,\"voice_content\":[{\"type\":\"text\",\"value\":\"\"}],\"is_condition\":\"0\",\"condition\":[[]],\"cond_value\":{},\"cond_right\":[{}]}]},{\"action\":\"DianDong1\",\"word\":\"\u8f93\u51fa\u70b9\u52a8\",\"trigger_items\":[],\"ctrl_items\":[{\"actionType\":\"pin_out\",\"function\":\"GPIO_B2\",\"command\":\"pulse\",\"params\":{\"duty\":0,\"data\":\"\",\"voltage\":\"\",\"period\":500,\"times\":1,\"var_name\":\"\",\"var_opr\":\"\",\"var_mode\":\"\",\"var_data\":\"\",\"var_param\":\"\",\"var_var\":\"\",\"sys_type\":\"\",\"sys_opr\":\"\",\"sys_args\":{}},\"is_delayed\":\"0\",\"delayed_time\":0,\"is_flip\":\"0\",\"flip_time\":0,\"voice_content\":[{\"type\":\"text\",\"value\":\"\"}],\"is_condition\":\"0\",\"condition\":[[]],\"cond_value\":{},\"cond_right\":[{}]}]},{\"action\":\"DianDong2\",\"word\":\"\u53e6\u4e00\u79cd\u70b9\u52a8\",\"trigger_items\":[],\"ctrl_items\":[{\"actionType\":\"pin_out\",\"function\":\"GPIO_B3\",\"command\":\"set\",\"params\":{\"duty\":0,\"data\":\"\",\"voltage\":\"high\",\"period\":10,\"times\":1,\"var_name\":\"\",\"var_opr\":\"\",\"var_mode\":\"\",\"var_data\":\"\",\"var_param\":\"\",\"var_var\":\"\",\"sys_type\":\"\",\"sys_opr\":\"\",\"sys_args\":{}},\"is_delayed\":\"0\",\"delayed_time\":0,\"is_flip\":\"1\",\"flip_time\":250,\"voice_content\":[{\"type\":\"text\",\"value\":\"\"}],\"is_condition\":\"0\",\"condition\":[[]],\"cond_value\":{},\"cond_right\":[{}]}]}]","pin_config":"[{\"pin\":1,\"function\":\"SW_CLK\",\"params\":{\"def_voltage\":\"low\",\"baud_rate\":9600,\"data_bits\":8,\"stop_bits\":1,\"parity_bits\":\"none\",\"frequency\":2000,\"reverse_voltage\":\"disable\",\"mode\":\"out\",\"adc_range\":100,\"pulse_range\":100,\"frequency_soft\":100,\"reverse_voltage_soft\":\"disable\"},\"memory\":\"0\"},{\"pin\":2,\"function\":\"SW_D\",\"params\":{\"def_voltage\":\"low\",\"frequency\":2000,\"reverse_voltage\":\"disable\",\"mode\":\"out\",\"pulse_range\":100,\"frequency_soft\":100,\"reverse_voltage_soft\":\"disable\",\"rx_mode\":\"0\",\"rx_head\":\"AA 55\",\"rx_foot\":\"55 AA\"},\"memory\":\"0\"},{\"pin\":\"3\",\"function\":\"GPIO_A25\",\"params\":{\"def_voltage\":\"low\",\"mode\":\"out\",\"adc_range\":100,\"pulse_range\":100,\"frequency_soft\":100,\"reverse_voltage_soft\":\"disable\"},\"memory\":\"0\"},{\"pin\":\"4\",\"function\":\"GPIO_A26\",\"params\":{\"def_voltage\":\"low\",\"mode\":\"out\",\"adc_range\":100,\"pulse_range\":100,\"frequency_soft\":100,\"reverse_voltage_soft\":\"disable\"},\"memory\":\"0\"},{\"pin\":\"5\",\"function\":\"GPIO_A27\",\"params\":{\"def_voltage\":\"low\",\"frequency\":2000,\"reverse_voltage\":\"disable\",\"mode\":\"out\",\"adc_range\":100,\"pulse_range\":100,\"frequency_soft\":100,\"reverse_voltage_soft\":\"disable\"},\"memory\":\"0\"},{\"pin\":\"6\",\"function\":\"GPIO_A28\",\"params\":{\"def_voltage\":\"low\",\"frequency\":2000,\"reverse_voltage\":\"disable\",\"mode\":\"out\",\"pulse_range\":100,\"frequency_soft\":100,\"reverse_voltage_soft\":\"disable\"},\"memory\":\"0\"},{\"pin\":\"7\",\"function\":\"GPIO_B6\",\"params\":{\"def_voltage\":\"low\",\"mode\":\"out\",\"pulse_range\":100,\"frequency_soft\":100,\"reverse_voltage_soft\":\"disable\",\"rx_mode\":\"0\",\"rx_head\":\"AA 55\",\"rx_foot\":\"55 AA\"},\"memory\":\"0\"},{\"pin\":\"8\",\"function\":\"GPIO_B7\",\"params\":{\"def_voltage\":\"low\",\"baud_rate\":9600,\"data_bits\":8,\"stop_bits\":1,\"parity_bits\":\"none\",\"mode\":\"out\",\"pulse_range\":100,\"frequency_soft\":100,\"reverse_voltage_soft\":\"disable\"},\"memory\":\"0\"},{\"pin\":\"21\",\"function\":\"GPIO_B2\",\"params\":{\"def_voltage\":\"low\",\"baud_rate\":9600,\"data_bits\":8,\"stop_bits\":1,\"parity_bits\":\"none\",\"frequency\":2000,\"reverse_voltage\":\"disable\",\"mode\":\"out\",\"pulse_range\":100,\"frequency_soft\":100,\"reverse_voltage_soft\":\"disable\"},\"memory\":\"0\"},{\"pin\":\"22\",\"function\":\"GPIO_B3\",\"params\":{\"def_voltage\":\"low\",\"frequency\":2000,\"reverse_voltage\":\"disable\",\"mode\":\"out\",\"pulse_range\":100,\"frequency_soft\":100,\"reverse_voltage_soft\":\"disable\",\"rx_mode\":\"0\",\"rx_head\":\"AA 55\",\"rx_foot\":\"55 AA\"},\"memory\":\"0\"}]","create_time":1660871972,"status":2,"appkey":"3t4zz2oktv6aws3w2lrn3tfjo45akuzpkdgw26ip","secret":"4b73cd68b6f9e0acaf1b8da950364f7d","create_sdk_time":1660871980,"sign":"7E82EB02176A80D151340612218949606E06D6DA59A3444456CA17BEA3BA2A43","download_url":"https:\/\/unios-sdk.oss-cn-beijing.aliyuncs.com\/sdk\/3t4zz2oktv6aws3w2lrn3tfjo45akuzpkdgw26ip\/rtt_hb_m_online\/uni_hb_m_solution-65122-20220819.tar.gz","down_file":null,"version_describe":"SU-03T\u6848\u4f8b\u6f14\u793a\uff08GPIO\u8f93\u51fa\u63a7\u5236\uff1a\u9ad8\u7535\u5e73\u8f93\u51fa\uff0c\u4f4e\u7535\u5e73\u8f93\u51fa\uff0c\u53cd\u7535\u5e73\u8f93\u51fa\uff0c\u8109\u51b2\u8f93\u51fa\uff0c\u70b9\u52a8\uff08\u5ef6\u8fdf\u7535\u5e73\u53cd\u8f6c\uff09\uff09","optimize_config":"[]","var_config":"[]","study_config":"{\"open\":\"0\",\"success_count\":\"3\",\"fail_count\":\"5\",\"one_mode\":\"1\",\"actions\":[{\"action\":\"startStudy\",\"word\":\"\u5f00\u59cb\u5b66\u4e60\",\"replys\":[{\"reply\":\"\u5f00\u59cb\u5b66\u4e60\u5524\u9192\u8bcd\uff0c\u8bf7\u5728\u5b89\u9759\u73af\u5883\u4e0b\u8bf4\u8bdd\"},{\"reply\":\"\u5df2\u6709\u5b66\u4e60\u6570\u636e\uff0c\u8bf7\u8bf4\u91cd\u7f6e\u5b66\u4e60\u8fdb\u884c\u91cd\u7f6e\"},{\"reply\":\"\u5b66\u4e60\u6210\u529f\u8bf7\u518d\u8bf4\u4e00\u6b21\"},{\"reply\":\"\u5b66\u4e60\u5931\u8d25\uff0c\u8bf7\u91cd\u8bd5\u4e00\u6b21\"},{\"reply\":\"\u5b66\u4e60\u5b8c\u6210\"},{\"reply\":\"\u5b66\u4e60\u4e2d\u6b62\uff0c\u5df2\u9000\u51fa\"}]},{\"action\":\"clearStudy\",\"word\":\"\u91cd\u7f6e\u5b66\u4e60\",\"replys\":[{\"reply\":\"\u5b66\u4e60\u6570\u636e\u5df2\u91cd\u7f6e\"}]},{\"action\":\"clearStuCmd\",\"word\":\"\u6e05\u9664\u5b66\u4e60\u547d\u4ee4\u8bcd\",\"replys\":[{\"reply\":\"\u547d\u4ee4\u8bcd\u5b66\u4e60\u6570\u636e\u5df2\u6e05\u9664\"}]},{\"action\":\"clearStuWakeup\",\"word\":\"\u6e05\u9664\u5b66\u4e60\u5524\u9192\u8bcd\",\"replys\":[{\"reply\":\"\u5524\u9192\u8bcd\u5b66\u4e60\u6570\u636e\u5df2\u6e05\u9664\"}]},{\"action\":\"startStuWakeup\",\"word\":\"\u5f00\u59cb\u5b66\u4e60\u5524\u9192\u8bcd\",\"replys\":[]},{\"action\":\"startStuCmd\",\"word\":\"\u5f00\u59cb\u5b66\u4e60\u547d\u4ee4\u8bcd\",\"replys\":[]}]}","audio_config":"[]","base_id":130562,"help_config":"\"\"","ext_config":"\"\"","pin_config_ext":null,"mode":1}],"_export_product_":true}