{"appKey": "gouz34mosh3gndxhcopsm2nn6g5gxxnhsdrd64yy", "appType": "hb_mt-offline", "language": "cn", "appSecret": "da6c19360cc9684e836aaf9ea3e48293", "version": "1.0.7", "local": {"pin_config": [{"function": "GPIO_B2", "params": {"def_voltage": "low"}, "pin": "18"}, {"function": "GPIO_B3", "params": {"def_voltage": "low"}, "pin": 19}, {"function": "GPIO_A5", "params": {"def_voltage": "low"}, "pin": "20"}, {"function": "GPIO_A6", "params": {"def_voltage": "low"}, "pin": "21"}, {"function": "GPIO_A7", "params": {"def_voltage": "low"}, "pin": "22"}, {"function": "GPIO_A8", "params": {"def_voltage": "low"}, "pin": "25"}, {"function": "GPIO_A9", "params": {"def_voltage": "low"}, "pin": "26"}, {"function": "GPIO_A10", "params": {"def_voltage": "low"}, "pin": "27"}, {"function": "GPIO_A11", "params": {"def_voltage": "low"}, "pin": "28"}, {"function": "GPIO_A12", "params": {"def_voltage": "low"}, "pin": "29"}, {"function": "GPIO_A13", "params": {"def_voltage": "low"}, "pin": 30}, {"function": "GPIO_A14", "params": {"def_voltage": "low"}, "pin": "31"}, {"function": "GPIO_A15", "params": {"def_voltage": "low"}, "pin": "32"}, {"function": "GPIO_A16", "params": {"def_voltage": "low"}, "pin": "33"}, {"function": "SW_CLK", "pin": "34"}, {"function": "SW_D", "pin": "35"}, {"function": "GPIO_A24", "params": {"def_voltage": "low"}, "pin": "38"}, {"function": "GPIO_A25", "params": {"def_voltage": "low"}, "pin": "39"}, {"function": "GPIO_A26", "params": {"def_voltage": "low"}, "pin": "40"}, {"function": "GPIO_A27", "params": {"def_voltage": "low"}, "pin": "41"}, {"function": "GPIO_A28", "params": {"def_voltage": "low"}, "pin": "42"}, {"function": "GPIO_A29", "params": {"def_voltage": "low"}, "pin": "43"}, {"function": "GPIO_A30", "params": {"def_voltage": "low"}, "pin": "44"}, {"function": "GPIO_A31", "params": {"def_voltage": "low"}, "pin": "45"}, {"function": "UART1_RX", "pin": "46"}, {"function": "UART1_TX", "params": {"baud_rate": 9600, "parity_bits": "none", "stop_bits": 1, "data_bits": 8}, "pin": 47}], "welcome": {"text": "现在是开机播报", "type": "custom"}, "micarray": {"field": "far", "aec": "disable", "number": 1}, "acoustics_model": {"url": "https://unios-udp.oss-cn-beijing.aliyuncs.com/unione/KWS_dengju.zip", "type": "custom"}, "cmd": {"iotserver": "disable", "sensitivity": "middle", "selfstudy": "disable"}, "action_config": [{"ctrl_items": [{"function": "GPIO_A5", "command": "set", "params": {"voltage": "high"}}], "action": "TurnOn"}, {"ctrl_items": [{"function": "GPIO_A5", "command": "set", "params": {"voltage": "low"}}], "action": "TurnOff"}], "exit": {"reply": ["有需要再叫我"], "command": ["退下", "再见"]}, "custom_setting": {"timeout_time": 30, "timeout_reply": ["有需要再叫我"]}, "wakeup": {"reply": ["你好，有什么可以帮你", "我在噢，请说", "我在"], "sensitivity": "middle", "keyword": ["你好小智"]}}, "custom_voice": {"tone": 50, "vol": 50, "type": "speaker", "bright": 50, "speaker": "kiyo", "spd": 50}}