{"custom_voice":{"vol":50,"spd":50,"speaker":"kiyo","bright":50},"appType":"hb_m-offline-thirdparty","language":"cn","appKey":"o7woroqhbhffrajgoc4stpdvrw5uro3r24sw7cqd","appSecret":"4924f64e6ce3a40a4d2c75665111560b","version":"thridparty-test7","local":{"exit":{"reply":["有需要再叫我"],"command":["退下"]},"wakeup_command":[],"acoustics_model":{"type":"default"},"wakeup":{"keyword":["小美"],"reply":["你好主人"]},"micarray":{"number":"1","field":"far"},"cmd":{"sensitivity":"middle"},"welcome":{"text":"","type":"none"},"custom_setting":{"timeout_time":10,"timeout_reply":["有需要再叫我"]},"action_config":[{"ctrl_items":[{"function":"GPIO_A25","params":{"voltage":"high"},"command":"set"}],"action":"TurnOn"},{"ctrl_items":[{"function":"GPIO_A25","params":{"voltage":"low"},"command":"set"}],"action":"TurnOff"},{"ctrl_items":[{"function":"PWM4","params":{"duty":0},"command":"set"}],"action":"BrightnessUp"},{"ctrl_items":[{"function":"PWM4","params":{"duty":100},"command":"set"}],"action":"BrightnessOff"},{"ctrl_items":[{"function":"GPIO_A26","params":{"voltage":"high"},"command":"set"}],"action":"dakaifengshan"},{"ctrl_items":[{"function":"GPIO_A26","params":{"voltage":"low"},"command":"set"}],"action":"guanbifengshan"},{"ctrl_items":[{"function":"GPIO_A27","params":{"voltage":"high"},"command":"set"}],"action":"dakaiyinyue"},{"ctrl_items":[{"function":"GPIO_A27","params":{"voltage":"low"},"command":"set"}],"action":"guanbiyinyue"},{"ctrl_items":[{"function":"GPIO_B6","params":{"voltage":"high"},"command":"set"}],"action":"dakaikaiguan"},{"ctrl_items":[{"function":"GPIO_B6","params":{"voltage":"low"},"command":"set"}],"action":"guanbikaiguan"},{"ctrl_items":[{"function":"PWM4","params":{"duty":10},"command":"decrease"}],"action":"tiaoliang"},{"ctrl_items":[{"function":"PWM4","params":{"duty":10},"command":"increase"}],"action":"tiaoan"}],"pin_config":[{"pin":1,"function":"SW_CLK"},{"pin":2,"function":"SW_D"},{"pin":"3","function":"GPIO_A25","params":{"def_voltage":"low"}},{"pin":"4","function":"GPIO_A26","params":{"def_voltage":"low"}},{"pin":"5","function":"GPIO_A27","params":{"def_voltage":"low"}},{"pin":"6","function":"GPIO_A28","params":{"def_voltage":"low"}},{"pin":"7","function":"GPIO_B6","params":{"def_voltage":"low"}},{"pin":"8","function":"GPIO_B7","params":{"def_voltage":"low"}},{"pin":"21","function":"GPIO_B2","params":{"def_voltage":"low"}},{"pin":"22","function":"PWM4","params":{"reverse_voltage":"enable","frequency":20000}}]}}