{"appKey": "oducan6mfacimiar2kyons7vm3mokjeixp2k2rqy", "appType": "HB_L_Pro_SDK_Generator_thirdparty", "language": "cn", "appSecret": "37ae1d98352f43657d813587ec37233f", "version": "20220530001", "local": {"pin_config": [{"function": "GPIO_03", "params": {"def_voltage": "low"}, "pin": 1}, {"function": "GPIO_04", "params": {"def_voltage": "low"}, "pin": 2}, {"function": "DEFAULT_P05", "pin": "6"}, {"function": "GPIO_06", "params": {"def_voltage": "low"}, "pin": "7"}, {"function": "GPIO_07", "params": {"def_voltage": "low"}, "pin": "8"}, {"function": "GPIO_08", "params": {"def_voltage": "low"}, "pin": "9"}, {"function": "DEFAULT_P09", "pin": "10"}, {"function": "GPIO_10", "params": {"def_voltage": "low"}, "pin": "11"}, {"function": "UART1_TX", "params": {"baud_rate": 9600, "parity_bits": "none", "stop_bits": 1, "data_bits": 8}, "pin": "12"}, {"function": "UART1_RX", "pin": "13"}, {"function": "GPIO_00", "params": {"def_voltage": "low"}, "pin": "18"}, {"function": "DEFAULT_P01", "pin": "19"}, {"function": "GPIO_02", "params": {"def_voltage": "low"}, "pin": "20"}], "welcome": {"text": "现在是开机播报", "type": "custom"}, "micarray": {"field": "far", "number": 1}, "acoustics_model": {"type": "default"}, "cmd": {"sensitivity": "middle"}, "action_config": [], "wakeup_command": [], "exit": {"reply": ["有需要再叫我"], "command": ["退下"]}, "custom_setting": {"timeout_time": 23, "timeout_reply": ["有需要再叫我"]}, "wakeup": {"reply": ["我在", "你说", "有什么可以帮到你"], "sensitivity": "middle", "keyword": ["你好小智"]}}, "custom_voice": {"tone": 50, "vol": 50, "type": "speaker", "bright": 50, "speaker": "kiyo", "spd": 50}}