{"id":48846,"p_name":"SU-03T\u6848\u4f8b\u6f14\u793a\uff08\u9009\u62e9\u5524\u9192\u8bcd\uff09","goods_id":7,"scene_id":1,"module_id":6,"p_language":"cn","create_time":1660285074,"updata_time":null,"_ver_list":[{"id":127207,"p_id":48846,"version":"20220812005","plan_id":1,"signal":"{\"number\":\"1\",\"field\":\"far\",\"denoise\":\"0\",\"ace\":\"\"}","wakeup":"{\"wakeupSensitive\":\"middle\",\"wakeupWord\":[{\"word\":\"\u4f60\u597d\u5c0f\u7f8e\",\"tips\":\"\",\"piny\":\"ni3 hao3 xiao3 mei3\",\"score\":\"\",\"evaluate\":\"\"},{\"word\":\"\u5c0f\u660e\u540c\u5b66\",\"piny\":\"xiao3 ming2 tong2 xue2\",\"score\":\"\",\"evaluate\":\"\",\"tips\":\"\"},{\"word\":\"\u5c0f\u667a\u7cbe\u7075\",\"piny\":\"xiao3 zhi4 jing1 ling2\",\"score\":\"\",\"evaluate\":\"\",\"tips\":\"\"}],\"wakeReply\":[\"\u4e3b\u4eba\u6211\u5728\",\"\u60a8\u8bf4\",\"\u6709\u4ec0\u4e48\u53ef\u4ee5\u5e2e\u5230\u60a8\"]}","cmd":"{\"cmdSensitivity\":\"middle\",\"cmdWord\":[{\"num\":\"1\",\"tips\":\"\",\"wordTips\":\"\",\"action\":\"TurnOn\",\"trigger\":[\"cmd\"],\"word\":\"\u6253\u5f00\u53f0\u706f\",\"reply\":\"\u706f\u5149\u5df2\u6253\u5f00\",\"isCMD\":true,\"trigTips\":\"\",\"replyTips\":\"\"},{\"num\":\"2\",\"tips\":\"\",\"wordTips\":\"\",\"action\":\"TurnOff\",\"trigger\":[\"cmd\"],\"word\":\"\u5173\u95ed\u53f0\u706f\",\"reply\":\"\u706f\u5149\u5df2\u5173\u95ed\",\"isCMD\":true,\"trigTips\":\"\",\"replyTips\":\"\"},{\"num\":\"3\",\"tips\":\"\",\"wordTips\":\"\",\"action\":\"BrightnessUp\",\"trigger\":[\"cmd\"],\"word\":\"\u8c03\u4eae\u4e00\u70b9|\u4eae\u4e00\u70b9\",\"reply\":\"\u706f\u5149\u5df2\u8c03\u4eae\",\"isCMD\":true,\"trigTips\":\"\",\"replyTips\":\"\"},{\"num\":\"4\",\"tips\":\"\",\"wordTips\":\"\",\"action\":\"BrightnessOff\",\"trigger\":[\"cmd\"],\"word\":\"\u8c03\u6697\u4e00\u70b9|\u6697\u4e00\u70b9\",\"reply\":\"\u706f\u5149\u5df2\u8c03\u6697\",\"isCMD\":true,\"trigTips\":\"\",\"replyTips\":\"\"},{\"trigger\":[\"cmd\"],\"isCMD\":true,\"action\":\"SetName\",\"tips\":\"\",\"word\":\"\u8bbe\u7f6e\u5524\u9192\u8bcd\",\"wordTips\":\"\",\"reply\":\"\u60a8\u53ef\u4ee5\u8bf4\u8bbe\u7f6e\u4e3a\u4f60\u597d\u5c0f\u7f8e\uff0c\u8bbe\u7f6e\u4e3a\u5c0f\u660e\u540c\u5b66\uff0c\u8bbe\u7f6e\u4e3a\u5c0f\u667a\u7cbe\u7075\",\"replyTips\":\"\"},{\"trigger\":[\"cmd\",\"condition\"],\"isCMD\":true,\"action\":\"Name1\",\"tips\":\"\",\"word\":\"\u8bbe\u7f6e\u4e3a\u4f60\u597d\u5c0f\u7f8e\",\"wordTips\":\"\",\"reply\":\"\u5524\u9192\u8bcd\u5df2\u8bbe\u7f6e\u4e3a\u4f60\u597d\u5c0f\u7f8e\",\"replyTips\":\"\",\"trigTips\":\"\"},{\"trigger\":[\"cmd\",\"condition\"],\"isCMD\":true,\"action\":\"Name2\",\"tips\":\"\",\"word\":\"\u8bbe\u7f6e\u4e3a\u5c0f\u660e\u540c\u5b66\",\"wordTips\":\"\",\"reply\":\"\u5524\u9192\u8bcd\u5df2\u8bbe\u7f6e\u4e3a\u5c0f\u660e\u540c\u5b66\",\"replyTips\":\"\",\"trigTips\":\"\"},{\"trigger\":[\"cmd\",\"condition\"],\"isCMD\":true,\"action\":\"Name3\",\"tips\":\"\",\"word\":\"\u8bbe\u7f6e\u4e3a\u5c0f\u667a\u7cbe\u7075\",\"wordTips\":\"\",\"reply\":\"\u5524\u9192\u8bcd\u5df2\u8bbe\u7f6e\u4e3a\u5c0f\u667a\u7cbe\u7075\",\"replyTips\":\"\",\"trigTips\":\"\"}],\"cmdReply\":[],\"cmdWrong\":{\"word\":\"\",\"wordTips\":\"\"}}","acoustic_mode":null,"custom_voice":"{\"voiceType\":\"speaker\",\"speaker\":{\"id\":2,\"name\":\"\u73b2\u73b2\",\"name_pinyin\":\"lingling\",\"i_img\":\"http:\/\/images.aimachip.com\/admin_images\/informant_img2.png\",\"i_type\":\"\u53f0\u6e7e\u5973\u751f\"},\"volume\":50,\"speed\":50,\"brightness\":50}","other_config":"{\"welcome\":\"custom\",\"text\":\"\u6b22\u8fce\u6765\u5230\u673a\u82af\u667a\u80fd\",\"exitTime\":10,\"timeExitReply\":[\"\u6709\u9700\u8981\u518d\u53eb\u6211\"],\"exitCmd\":[\"\u9000\u4e0b\"],\"exitReply\":[\"\u6709\u9700\u8981\u518d\u53eb\u6211\"]}","action_config":"[{\"action\":\"wakeup_uni\",\"word\":\"\u4f60\u597d\u5c0f\u7f8e|\u5c0f\u660e\u540c\u5b66|\u5c0f\u667a\u7cbe\u7075\",\"trigger_items\":[],\"ctrl_items\":[]},{\"action\":\"TurnOn\",\"word\":\"\u6253\u5f00\u53f0\u706f\",\"trigger_items\":[],\"ctrl_items\":[]},{\"action\":\"TurnOff\",\"word\":\"\u5173\u95ed\u53f0\u706f\",\"trigger_items\":[],\"ctrl_items\":[]},{\"action\":\"BrightnessUp\",\"word\":\"\u8c03\u4eae\u4e00\u70b9|\u4eae\u4e00\u70b9\",\"trigger_items\":[],\"ctrl_items\":[]},{\"action\":\"BrightnessOff\",\"word\":\"\u8c03\u6697\u4e00\u70b9|\u6697\u4e00\u70b9\",\"trigger_items\":[],\"ctrl_items\":[]},{\"action\":\"SetName\",\"word\":\"\u8bbe\u7f6e\u5524\u9192\u8bcd\",\"trigger_items\":[],\"ctrl_items\":[{\"actionType\":\"var_set\",\"function\":\"\",\"command\":\"\",\"params\":{\"duty\":0,\"data\":\"\",\"voltage\":\"\",\"period\":10,\"times\":1,\"var_name\":\"set_flag\",\"var_opr\":\"set\",\"var_mode\":\"data\",\"var_data\":1,\"var_param\":\"\",\"var_var\":\"\",\"sys_type\":\"\",\"sys_opr\":\"\",\"sys_args\":{}},\"is_delayed\":\"0\",\"delayed_time\":0,\"is_flip\":\"1\",\"flip_time\":10000,\"voice_content\":[{\"type\":\"text\",\"value\":\"\"}],\"is_condition\":\"0\",\"condition\":[[]],\"cond_value\":{},\"cond_right\":[{}]}]},{\"action\":\"Name1\",\"word\":\"\u8bbe\u7f6e\u4e3a\u4f60\u597d\u5c0f\u7f8e\",\"trigger_items\":[{\"triggerType\":\"condition\",\"params\":{\"cmdWord\":\"\",\"condition\":[[\"var\",\"set_flag\",\"==\",\"val\"]],\"cond_value\":{},\"cond_right\":[{\"set_flag\":1}],\"gpio_in\":[[]],\"uart_in\":{\"portName\":\"\",\"param\":[]},\"adc_in\":[{}],\"pulse_in\":{},\"event_in\":{\"event_trigger\":[]}}}],\"ctrl_items\":[{\"actionType\":\"sys_set\",\"function\":\"\",\"command\":\"\",\"params\":{\"duty\":0,\"data\":\"\",\"voltage\":\"\",\"period\":10,\"times\":1,\"var_name\":\"\",\"var_opr\":\"\",\"var_mode\":\"\",\"var_data\":\"\",\"var_param\":\"\",\"var_var\":\"\",\"sys_type\":\"asr\",\"sys_opr\":\"user_asr_word_enable\",\"sys_args\":{\"arg1\":\"\u4f60\u597d\u5c0f\u7f8e\"}},\"is_delayed\":\"0\",\"delayed_time\":0,\"is_flip\":\"0\",\"flip_time\":10000,\"voice_content\":[{\"type\":\"text\",\"value\":\"\"}],\"is_condition\":\"0\",\"condition\":[[\"var\",\"set_flag\",\"==\",\"val\"]],\"cond_value\":{},\"cond_right\":[{\"set_flag\":1}]},{\"actionType\":\"sys_set\",\"function\":\"\",\"command\":\"\",\"params\":{\"duty\":0,\"data\":\"\",\"voltage\":\"\",\"period\":10,\"times\":1,\"var_name\":\"\",\"var_opr\":\"\",\"var_mode\":\"\",\"var_data\":\"\",\"var_param\":\"\",\"var_var\":\"\",\"sys_type\":\"asr\",\"sys_opr\":\"user_asr_word_disable\",\"sys_args\":{\"arg1\":\"\u5c0f\u660e\u540c\u5b66\"}},\"is_delayed\":\"0\",\"delayed_time\":0,\"is_flip\":\"0\",\"flip_time\":10000,\"voice_content\":[{\"type\":\"text\",\"value\":\"\"}],\"is_condition\":\"0\",\"condition\":[[\"var\",\"set_flag\",\"==\",\"val\"]],\"cond_value\":{},\"cond_right\":[{\"set_flag\":1}]},{\"actionType\":\"sys_set\",\"function\":\"\",\"command\":\"\",\"params\":{\"duty\":0,\"data\":\"\",\"voltage\":\"\",\"period\":10,\"times\":1,\"var_name\":\"\",\"var_opr\":\"\",\"var_mode\":\"\",\"var_data\":\"\",\"var_param\":\"\",\"var_var\":\"\",\"sys_type\":\"asr\",\"sys_opr\":\"user_asr_word_disable\",\"sys_args\":{\"arg1\":\"\u5c0f\u667a\u7cbe\u7075\"}},\"is_delayed\":\"0\",\"delayed_time\":0,\"is_flip\":\"0\",\"flip_time\":10000,\"voice_content\":[{\"type\":\"text\",\"value\":\"\"}],\"is_condition\":\"0\",\"condition\":[[]],\"cond_value\":{},\"cond_right\":[{}]},{\"actionType\":\"var_set\",\"function\":\"\",\"command\":\"\",\"params\":{\"duty\":0,\"data\":\"\",\"voltage\":\"\",\"period\":10,\"times\":1,\"var_name\":\"set_flag\",\"var_opr\":\"set\",\"var_mode\":\"data\",\"var_data\":0,\"var_param\":\"\",\"var_var\":\"\",\"sys_type\":\"\",\"sys_opr\":\"\",\"sys_args\":{}},\"is_delayed\":\"0\",\"delayed_time\":0,\"is_flip\":\"0\",\"flip_time\":0,\"voice_content\":[{\"type\":\"text\",\"value\":\"\"}],\"is_condition\":\"0\",\"condition\":[[]],\"cond_value\":{},\"cond_right\":[{}]}]},{\"action\":\"Name2\",\"word\":\"\u8bbe\u7f6e\u4e3a\u5c0f\u660e\u540c\u5b66\",\"trigger_items\":[{\"triggerType\":\"condition\",\"params\":{\"cmdWord\":\"\",\"condition\":[[\"var\",\"set_flag\",\"==\",\"val\"]],\"cond_value\":{},\"cond_right\":[{\"set_flag\":1}],\"gpio_in\":[[]],\"uart_in\":{\"portName\":\"\",\"param\":[]},\"adc_in\":[{}],\"pulse_in\":{},\"event_in\":{\"event_trigger\":[]}}}],\"ctrl_items\":[{\"actionType\":\"sys_set\",\"function\":\"\",\"command\":\"\",\"params\":{\"duty\":0,\"data\":\"\",\"voltage\":\"\",\"period\":10,\"times\":1,\"var_name\":\"\",\"var_opr\":\"\",\"var_mode\":\"\",\"var_data\":\"\",\"var_param\":\"\",\"var_var\":\"\",\"sys_type\":\"asr\",\"sys_opr\":\"user_asr_word_enable\",\"sys_args\":{\"arg1\":\"\u5c0f\u660e\u540c\u5b66\"}},\"is_delayed\":\"0\",\"delayed_time\":0,\"is_flip\":\"0\",\"flip_time\":10000,\"voice_content\":[{\"type\":\"text\",\"value\":\"\"}],\"is_condition\":\"0\",\"condition\":[],\"cond_value\":{},\"cond_right\":[]},{\"actionType\":\"sys_set\",\"function\":\"\",\"command\":\"\",\"params\":{\"duty\":0,\"data\":\"\",\"voltage\":\"\",\"period\":10,\"times\":1,\"var_name\":\"\",\"var_opr\":\"\",\"var_mode\":\"\",\"var_data\":\"\",\"var_param\":\"\",\"var_var\":\"\",\"sys_type\":\"asr\",\"sys_opr\":\"user_asr_word_disable\",\"sys_args\":{\"arg1\":\"\u4f60\u597d\u5c0f\u7f8e\"}},\"is_delayed\":\"0\",\"delayed_time\":0,\"is_flip\":\"0\",\"flip_time\":10000,\"voice_content\":[{\"type\":\"text\",\"value\":\"\"}],\"is_condition\":\"0\",\"condition\":[],\"cond_value\":{},\"cond_right\":[]},{\"actionType\":\"sys_set\",\"function\":\"\",\"command\":\"\",\"params\":{\"duty\":0,\"data\":\"\",\"voltage\":\"\",\"period\":10,\"times\":1,\"var_name\":\"\",\"var_opr\":\"\",\"var_mode\":\"\",\"var_data\":\"\",\"var_param\":\"\",\"var_var\":\"\",\"sys_type\":\"asr\",\"sys_opr\":\"user_asr_word_disable\",\"sys_args\":{\"arg1\":\"\u5c0f\u667a\u7cbe\u7075\"}},\"is_delayed\":\"0\",\"delayed_time\":0,\"is_flip\":\"0\",\"flip_time\":10000,\"voice_content\":[{\"type\":\"text\",\"value\":\"\"}],\"is_condition\":\"0\",\"condition\":[],\"cond_value\":{},\"cond_right\":[]},{\"actionType\":\"var_set\",\"function\":\"\",\"command\":\"\",\"params\":{\"duty\":0,\"data\":\"\",\"voltage\":\"\",\"period\":10,\"times\":1,\"var_name\":\"set_flag\",\"var_opr\":\"set\",\"var_mode\":\"data\",\"var_data\":0,\"var_param\":\"\",\"var_var\":\"\",\"sys_type\":\"\",\"sys_opr\":\"\",\"sys_args\":{}},\"is_delayed\":\"0\",\"delayed_time\":0,\"is_flip\":\"0\",\"flip_time\":0,\"voice_content\":[{\"type\":\"text\",\"value\":\"\"}],\"is_condition\":\"0\",\"condition\":[[]],\"cond_value\":{},\"cond_right\":[{}]}]},{\"action\":\"Name3\",\"word\":\"\u8bbe\u7f6e\u4e3a\u5c0f\u667a\u7cbe\u7075\",\"trigger_items\":[{\"triggerType\":\"condition\",\"params\":{\"cmdWord\":\"\",\"condition\":[[\"var\",\"set_flag\",\"==\",\"val\"]],\"cond_value\":{},\"cond_right\":[{\"set_flag\":1}],\"gpio_in\":[[]],\"uart_in\":{\"portName\":\"\",\"param\":[]},\"adc_in\":[{}],\"pulse_in\":{},\"event_in\":{\"event_trigger\":[]}}}],\"ctrl_items\":[{\"actionType\":\"sys_set\",\"function\":\"\",\"command\":\"\",\"params\":{\"duty\":0,\"data\":\"\",\"voltage\":\"\",\"period\":10,\"times\":1,\"var_name\":\"\",\"var_opr\":\"\",\"var_mode\":\"\",\"var_data\":\"\",\"var_param\":\"\",\"var_var\":\"\",\"sys_type\":\"asr\",\"sys_opr\":\"user_asr_word_enable\",\"sys_args\":{\"arg1\":\"\u5c0f\u667a\u7cbe\u7075\"}},\"is_delayed\":\"0\",\"delayed_time\":0,\"is_flip\":\"0\",\"flip_time\":10000,\"voice_content\":[{\"type\":\"text\",\"value\":\"\"}],\"is_condition\":\"0\",\"condition\":[[\"var\",\"set_flag\",\"==\",\"val\"]],\"cond_value\":{},\"cond_right\":[{\"set_flag\":0}]},{\"actionType\":\"sys_set\",\"function\":\"\",\"command\":\"\",\"params\":{\"duty\":0,\"data\":\"\",\"voltage\":\"\",\"period\":10,\"times\":1,\"var_name\":\"\",\"var_opr\":\"\",\"var_mode\":\"\",\"var_data\":\"\",\"var_param\":\"\",\"var_var\":\"\",\"sys_type\":\"asr\",\"sys_opr\":\"user_asr_word_disable\",\"sys_args\":{\"arg1\":\"\u4f60\u597d\u5c0f\u7f8e\"}},\"is_delayed\":\"0\",\"delayed_time\":0,\"is_flip\":\"0\",\"flip_time\":10000,\"voice_content\":[{\"type\":\"text\",\"value\":\"\"}],\"is_condition\":\"0\",\"condition\":[[\"var\",\"set_flag\",\"==\",\"val\"]],\"cond_value\":{},\"cond_right\":[{\"set_flag\":0}]},{\"actionType\":\"sys_set\",\"function\":\"\",\"command\":\"\",\"params\":{\"duty\":0,\"data\":\"\",\"voltage\":\"\",\"period\":10,\"times\":1,\"var_name\":\"\",\"var_opr\":\"\",\"var_mode\":\"\",\"var_data\":\"\",\"var_param\":\"\",\"var_var\":\"\",\"sys_type\":\"asr\",\"sys_opr\":\"user_asr_word_disable\",\"sys_args\":{\"arg1\":\"\u5c0f\u660e\u540c\u5b66\"}},\"is_delayed\":\"0\",\"delayed_time\":0,\"is_flip\":\"0\",\"flip_time\":10000,\"voice_content\":[{\"type\":\"text\",\"value\":\"\"}],\"is_condition\":\"0\",\"condition\":[],\"cond_value\":{},\"cond_right\":[]},{\"actionType\":\"var_set\",\"function\":\"\",\"command\":\"\",\"params\":{\"duty\":0,\"data\":\"\",\"voltage\":\"\",\"period\":10,\"times\":1,\"var_name\":\"set_flag\",\"var_opr\":\"set\",\"var_mode\":\"data\",\"var_data\":0,\"var_param\":\"\",\"var_var\":\"\",\"sys_type\":\"\",\"sys_opr\":\"\",\"sys_args\":{}},\"is_delayed\":\"0\",\"delayed_time\":0,\"is_flip\":\"0\",\"flip_time\":0,\"voice_content\":[{\"type\":\"text\",\"value\":\"\"}],\"is_condition\":\"0\",\"condition\":[[]],\"cond_value\":{},\"cond_right\":[{}]}]}]","pin_config":"[{\"pin\":1,\"function\":\"SW_CLK\",\"params\":{\"def_voltage\":\"low\",\"baud_rate\":9600,\"data_bits\":8,\"stop_bits\":1,\"parity_bits\":\"none\",\"frequency\":2000,\"reverse_voltage\":\"disable\",\"mode\":\"out\",\"adc_range\":100,\"pulse_range\":100,\"frequency_soft\":100,\"reverse_voltage_soft\":\"disable\"},\"memory\":\"0\"},{\"pin\":2,\"function\":\"SW_D\",\"params\":{\"def_voltage\":\"low\",\"frequency\":2000,\"reverse_voltage\":\"disable\",\"mode\":\"out\",\"pulse_range\":100,\"frequency_soft\":100,\"reverse_voltage_soft\":\"disable\",\"rx_mode\":\"0\",\"rx_head\":\"AA 55\",\"rx_foot\":\"55 AA\"},\"memory\":\"0\"},{\"pin\":\"3\",\"function\":\"GPIO_A25\",\"params\":{\"def_voltage\":\"low\",\"mode\":\"out\",\"adc_range\":100,\"pulse_range\":100,\"frequency_soft\":100,\"reverse_voltage_soft\":\"disable\"},\"memory\":\"0\"},{\"pin\":\"4\",\"function\":\"GPIO_A26\",\"params\":{\"def_voltage\":\"low\",\"mode\":\"out\",\"adc_range\":100,\"pulse_range\":100,\"frequency_soft\":100,\"reverse_voltage_soft\":\"disable\"},\"memory\":\"0\"},{\"pin\":\"5\",\"function\":\"GPIO_A27\",\"params\":{\"def_voltage\":\"low\",\"frequency\":2000,\"reverse_voltage\":\"disable\",\"mode\":\"out\",\"adc_range\":100,\"pulse_range\":100,\"frequency_soft\":100,\"reverse_voltage_soft\":\"disable\"},\"memory\":\"0\"},{\"pin\":\"6\",\"function\":\"GPIO_A28\",\"params\":{\"def_voltage\":\"low\",\"frequency\":2000,\"reverse_voltage\":\"disable\",\"mode\":\"out\",\"pulse_range\":100,\"frequency_soft\":100,\"reverse_voltage_soft\":\"disable\"},\"memory\":\"0\"},{\"pin\":\"7\",\"function\":\"GPIO_B6\",\"params\":{\"def_voltage\":\"low\",\"mode\":\"out\",\"pulse_range\":100,\"frequency_soft\":100,\"reverse_voltage_soft\":\"disable\",\"rx_mode\":\"0\",\"rx_head\":\"AA 55\",\"rx_foot\":\"55 AA\"},\"memory\":\"0\"},{\"pin\":\"8\",\"function\":\"GPIO_B7\",\"params\":{\"def_voltage\":\"low\",\"baud_rate\":9600,\"data_bits\":8,\"stop_bits\":1,\"parity_bits\":\"none\",\"mode\":\"out\",\"pulse_range\":100,\"frequency_soft\":100,\"reverse_voltage_soft\":\"disable\"},\"memory\":\"0\"},{\"pin\":\"21\",\"function\":\"GPIO_B2\",\"params\":{\"def_voltage\":\"low\",\"baud_rate\":9600,\"data_bits\":8,\"stop_bits\":1,\"parity_bits\":\"none\",\"frequency\":2000,\"reverse_voltage\":\"disable\",\"mode\":\"out\",\"pulse_range\":100,\"frequency_soft\":100,\"reverse_voltage_soft\":\"disable\"},\"memory\":\"0\"},{\"pin\":\"22\",\"function\":\"GPIO_B3\",\"params\":{\"def_voltage\":\"low\",\"frequency\":2000,\"reverse_voltage\":\"disable\",\"mode\":\"out\",\"pulse_range\":100,\"frequency_soft\":100,\"reverse_voltage_soft\":\"disable\",\"rx_mode\":\"0\",\"rx_head\":\"AA 55\",\"rx_foot\":\"55 AA\"},\"memory\":\"0\"}]","create_time":1660289142,"status":2,"appkey":"zsebbgvmheyuno7cdm4r54nemwhs6s66r6qhbiq7","secret":"bdfd176586242fcac30ecde79e7c42cb","create_sdk_time":1660289148,"sign":"740A9316A36E8F5606BC0A5F3EFF49938ECCB1949DD16BC468E1CE5A089FBDCF","download_url":"https:\/\/unios-sdk.oss-cn-beijing.aliyuncs.com\/sdk\/zsebbgvmheyuno7cdm4r54nemwhs6s66r6qhbiq7\/rtt_hb_m_online\/uni_hb_m_solution-64008-20220812.tar.gz","down_file":null,"version_describe":"SU-03T\u6848\u4f8b\u6f14\u793a(\u9009\u62e9\u5524\u9192\u8bcd\uff1a\u8bbe\u7f6e\u591a\u4e2a\u5524\u9192\u8bcd\uff0c\u901a\u8fc7\u8bed\u97f3\u9009\u62e9\u67d0\u4e2a\u5524\u9192\u8bcd\uff0c\u88ab\u9009\u62e9\u7684\u5524\u9192\u8bcd\u8bbe\u4e3a\u5141\u8bb8\uff0c\u5176\u4ed6\u7684\u5524\u9192\u8bcd\u8bbe\u7f6e\u4e3a\u7981\u6b62)","optimize_config":"[]","var_config":"[{\"name\":\"set_flag\",\"type\":\"int\",\"def_val\":0,\"memory\":\"0\",\"remark\":\"\",\"name_tips\":\"\"}]","study_config":"{\"open\":\"0\",\"success_count\":\"3\",\"fail_count\":\"5\",\"one_mode\":\"1\",\"actions\":[{\"action\":\"startStudy\",\"word\":\"\u5f00\u59cb\u5b66\u4e60\",\"replys\":[{\"reply\":\"\u5f00\u59cb\u5b66\u4e60\u5524\u9192\u8bcd\uff0c\u8bf7\u5728\u5b89\u9759\u73af\u5883\u4e0b\u8bf4\u8bdd\"},{\"reply\":\"\u5df2\u6709\u5b66\u4e60\u6570\u636e\uff0c\u8bf7\u8bf4\u91cd\u7f6e\u5b66\u4e60\u8fdb\u884c\u91cd\u7f6e\"},{\"reply\":\"\u5b66\u4e60\u6210\u529f\u8bf7\u518d\u8bf4\u4e00\u6b21\"},{\"reply\":\"\u5b66\u4e60\u5931\u8d25\uff0c\u8bf7\u91cd\u8bd5\u4e00\u6b21\"},{\"reply\":\"\u5b66\u4e60\u5b8c\u6210\"},{\"reply\":\"\u5b66\u4e60\u4e2d\u6b62\uff0c\u5df2\u9000\u51fa\"}]},{\"action\":\"clearStudy\",\"word\":\"\u91cd\u7f6e\u5b66\u4e60\",\"replys\":[{\"reply\":\"\u5b66\u4e60\u6570\u636e\u5df2\u91cd\u7f6e\"}]},{\"action\":\"clearStuCmd\",\"word\":\"\u6e05\u9664\u5b66\u4e60\u547d\u4ee4\u8bcd\",\"replys\":[{\"reply\":\"\u547d\u4ee4\u8bcd\u5b66\u4e60\u6570\u636e\u5df2\u6e05\u9664\"}]},{\"action\":\"clearStuWakeup\",\"word\":\"\u6e05\u9664\u5b66\u4e60\u5524\u9192\u8bcd\",\"replys\":[{\"reply\":\"\u5524\u9192\u8bcd\u5b66\u4e60\u6570\u636e\u5df2\u6e05\u9664\"}]},{\"action\":\"startStuWakeup\",\"word\":\"\u5f00\u59cb\u5b66\u4e60\u5524\u9192\u8bcd\",\"replys\":[]},{\"action\":\"startStuCmd\",\"word\":\"\u5f00\u59cb\u5b66\u4e60\u547d\u4ee4\u8bcd\",\"replys\":[]}]}","audio_config":"[]","base_id":127194,"help_config":"{\"open\":\"0\",\"actions\":[{\"word\":\"\u8bed\u97f3\u5bfc\u822a\",\"head\":\"\u4f60\u597d\uff0c\u5f88\u9ad8\u5174\u4e3a\u4f60\u670d\u52a1\uff0c\u6211\u80fd\u542c\u61c2\u4e0b\u9762\u6307\u4ee4\uff0c\",\"cmds\":[],\"foot\":\"\u611f\u8c22\u4f60\u7684\u652f\u6301\",\"wordTips\":\"\"}]}","ext_config":"\"\"","pin_config_ext":null}],"_export_product_":true}